player_name,career_runs,career_bat_matches,career_avg,career_sr,career_fifties,career_hundreds,career_bat_pts,career_wickets,career_bowl_matches,career_economy,career_bowl_pts,player_id,role
A Ashish Reddy,280.0,23.0,12.17,135.39,0.0,0.0,14.52,19.0,20.0,9.45,23.35,1,All-rounder
A Badoni,575.0,34.0,16.91,110.78,3.0,0.0,20.56,2.0,5.0,7.4,10.8,2,All-rounder
A Chandila,4.0,2.0,2.0,33.35,0.0,0.0,1.0,11.0,12.0,6.55,24.75,3,All-rounder
A Chopra,53.0,6.0,8.83,59.15,0.0,0.0,10.0,0.0,0.0,0.0,0.0,4,Batter
A Choudhary,25.0,3.0,8.33,163.9,0.0,0.0,9.33,5.0,5.0,8.21,25.4,5,All-rounder
A Dananjaya,4.0,1.0,4.0,80.0,0.0,0.0,4.0,0.0,1.0,11.5,-2.0,6,All-rounder
A Flintoff,62.0,3.0,20.67,114.0,0.0,0.0,23.67,2.0,3.0,9.14,17.33,7,All-rounder
A Kamboj,2.0,1.0,2.0,100.0,0.0,0.0,2.0,2.0,3.0,10.45,16.0,8,All-rounder
A Kumble,35.0,15.0,2.33,79.19,0.0,0.0,2.4,49.0,42.0,6.54,31.5,9,All-rounder
A Manohar,231.0,15.0,15.4,106.69,0.0,0.0,18.8,0.0,0.0,0.0,0.0,10,Batter
A Mishra,381.0,55.0,6.93,85.97,0.0,0.0,7.53,182.0,162.0,7.47,29.28,11,All-rounder
A Mithun,34.0,6.0,5.67,117.57,0.0,0.0,6.33,8.0,16.0,9.41,11.38,12,All-rounder
A Mukund,19.0,2.0,9.5,43.2,0.0,0.0,9.0,0.0,0.0,0.0,0.0,13,Batter
A Nehra,41.0,17.0,2.41,37.06,0.0,0.0,1.88,120.0,88.0,7.67,35.05,14,All-rounder
A Nel,0.0,0.0,0.0,0.0,0.0,0.0,0.0,1.0,1.0,10.33,23.0,15,Bowler
A Nortje,49.0,13.0,3.77,95.05,0.0,0.0,3.77,62.0,46.0,8.86,33.83,16,All-rounder
A Raghuvanshi,163.0,7.0,23.29,140.66,1.0,0.0,30.71,0.0,0.0,0.0,0.0,17,Batter
A Singh,2.0,5.0,0.4,20.0,0.0,0.0,-0.8,31.0,23.0,8.22,34.48,18,All-rounder
A Symonds,974.0,36.0,27.06,112.47,6.0,1.0,34.72,23.0,30.0,8.23,19.57,19,All-rounder
A Tomar,4.0,1.0,4.0,50.0,0.0,0.0,5.0,0.0,0.0,0.0,0.0,20,Batter
A Uniyal,4.0,2.0,2.0,33.35,0.0,0.0,1.0,3.0,2.0,11.38,37.5,21,All-rounder
A Zampa,15.0,5.0,3.0,54.94,0.0,0.0,2.8,30.0,20.0,7.87,39.0,22,All-rounder
AA Bilakhia,69.0,7.0,9.86,79.56,0.0,0.0,10.57,0.0,0.0,0.0,0.0,23,Batter
AA Chavan,12.0,3.0,4.0,116.67,0.0,0.0,4.67,8.0,13.0,8.48,15.54,24,All-rounder
AA Jhunjhunwala,217.0,15.0,14.47,95.92,1.0,0.0,17.33,1.0,10.0,9.72,1.9,25,All-rounder
AA Kazi,0.0,0.0,0.0,0.0,0.0,0.0,0.0,1.0,1.0,10.0,23.0,26,Bowler
AA Kulkarni,9.0,2.0,4.5,64.3,0.0,0.0,4.5,0.0,0.0,0.0,0.0,27,Batter
AA Noffke,9.0,1.0,9.0,75.0,0.0,0.0,10.0,1.0,1.0,9.0,25.0,28,All-rounder
AB Agarkar,179.0,18.0,9.94,117.22,0.0,0.0,11.44,33.0,42.0,8.79,19.64,29,All-rounder
AB Barath,42.0,3.0,14.0,75.97,0.0,0.0,17.67,0.0,0.0,0.0,0.0,30,Batter
AB Dinda,26.0,16.0,1.62,47.55,0.0,0.0,1.0,81.0,74.0,7.96,28.01,31,All-rounder
AB McDonald,123.0,9.0,13.67,105.89,0.0,0.0,16.22,14.0,10.0,8.41,35.2,32,All-rounder
AB de Villiers,5114.0,168.0,30.44,129.34,43.0,3.0,39.6,0.0,0.0,0.0,0.0,33,Batter
AC Blizzard,120.0,7.0,17.14,97.06,1.0,0.0,22.71,0.0,0.0,0.0,0.0,34,Batter
AC Gilchrist,2069.0,80.0,25.86,114.25,13.0,2.0,33.98,1.0,1.0,0.0,31.0,35,All-rounder
AC Thomas,20.0,4.0,5.0,75.0,0.0,0.0,5.25,16.0,14.0,7.92,28.57,36,All-rounder
AC Voges,181.0,7.0,25.86,124.41,0.0,0.0,30.0,1.0,7.0,9.07,3.86,37,All-rounder
AD Hales,148.0,6.0,24.67,112.07,0.0,0.0,30.83,0.0,0.0,0.0,0.0,38,Batter
AD Mascarenhas,79.0,11.0,7.18,91.95,0.0,0.0,7.45,19.0,13.0,7.07,37.77,39,All-rounder
AD Mathews,723.0,40.0,18.08,115.48,1.0,0.0,21.52,28.0,44.0,8.31,16.05,40,All-rounder
AD Nath,90.0,10.0,9.0,74.74,0.0,0.0,9.9,0.0,0.0,0.0,0.0,41,Batter
AD Russell,2488.0,104.0,23.92,141.92,11.0,0.0,31.76,125.0,112.0,9.61,27.76,42,All-rounder
AF Milne,23.0,6.0,3.83,52.9,0.0,0.0,3.5,9.0,10.0,9.63,22.1,43,All-rounder
AG Murtaza,10.0,3.0,3.33,75.0,0.0,0.0,3.67,12.0,12.0,7.69,27.17,44,All-rounder
AG Paunikar,49.0,5.0,9.8,63.56,0.0,0.0,11.2,0.0,0.0,0.0,0.0,45,Batter
AJ Finch,2092.0,90.0,23.24,108.36,15.0,0.0,29.73,1.0,5.0,10.73,5.8,46,All-rounder
AJ Hosein,16.0,1.0,16.0,145.5,0.0,0.0,19.0,1.0,1.0,10.25,23.0,47,All-rounder
AJ Turner,24.0,6.0,4.0,40.67,0.0,0.0,3.67,0.0,0.0,0.0,0.0,48,Batter
AJ Tye,91.0,13.0,7.0,92.34,0.0,0.0,7.77,48.0,30.0,8.62,41.13,49,All-rounder
AK Markram,995.0,42.0,23.69,114.2,5.0,0.0,29.29,2.0,14.0,8.29,3.0,50,All-rounder
AL Menaria,401.0,23.0,17.43,94.1,0.0,0.0,20.83,3.0,12.0,9.94,6.08,51,All-rounder
AM Nayar,672.0,50.0,13.44,94.97,0.0,0.0,15.66,9.0,19.0,9.15,12.16,52,All-rounder
AM Rahane,4642.0,171.0,27.15,102.3,32.0,2.0,34.2,1.0,1.0,5.0,25.0,53,All-rounder
AM Salvi,0.0,0.0,0.0,0.0,0.0,0.0,0.0,7.0,7.0,8.0,24.43,54,Bowler
AN Ahmed,36.0,6.0,6.0,189.75,0.0,0.0,7.0,15.0,17.0,8.23,21.94,55,All-rounder
AN Ghosh,7.0,2.0,3.5,50.0,0.0,0.0,3.0,0.0,0.0,0.0,0.0,56,Batter
AP Dole,34.0,2.0,17.0,128.95,0.0,0.0,21.5,5.0,3.0,9.78,40.33,57,All-rounder
AP Majumdar,87.0,4.0,21.75,113.65,0.0,0.0,26.5,0.0,0.0,0.0,0.0,58,Batter
AP Tare,339.0,27.0,12.56,115.53,1.0,0.0,15.07,0.0,0.0,0.0,0.0,59,Batter
AR Bawne,12.0,1.0,12.0,100.0,0.0,0.0,13.0,0.0,0.0,0.0,0.0,60,Batter
AR Patel,1653.0,112.0,14.76,120.83,3.0,0.0,17.75,131.0,148.0,7.55,22.57,61,All-rounder
AS Joseph,27.0,5.0,5.4,70.74,0.0,0.0,5.6,22.0,22.0,9.62,24.91,62,All-rounder
AS Rajpoot,26.0,7.0,3.71,61.33,0.0,0.0,4.29,24.0,29.0,9.29,20.55,63,All-rounder
AS Raut,194.0,16.0,12.12,90.05,0.0,0.0,14.19,0.0,5.0,9.0,-0.8,64,All-rounder
AS Roy,26.0,6.0,4.33,77.62,0.0,0.0,4.17,6.0,9.0,9.35,18.0,65,All-rounder
AS Yadav,49.0,6.0,8.17,101.07,0.0,0.0,9.33,0.0,0.0,0.0,0.0,66,Batter
AT Carey,32.0,3.0,10.67,106.8,0.0,0.0,11.33,0.0,0.0,0.0,0.0,67,Batter
AT Rayudu,4348.0,185.0,23.5,111.32,23.0,1.0,29.55,0.0,0.0,0.0,0.0,68,Batter
AU Rashid,22.0,2.0,11.0,130.95,0.0,0.0,13.0,2.0,3.0,9.2,16.0,69,All-rounder
AUK Pathan,39.0,7.0,5.57,114.04,0.0,0.0,6.29,0.0,3.0,9.69,-0.67,70,All-rounder
Abdul Basith,1.0,1.0,1.0,100.0,0.0,0.0,1.0,0.0,0.0,0.0,0.0,71,Batter
Abdul Samad,579.0,39.0,14.85,128.32,0.0,0.0,17.9,2.0,5.0,13.5,9.2,72,All-rounder
Abdur Razzak,0.0,1.0,0.0,0.0,0.0,0.0,-2.0,0.0,1.0,9.5,-2.0,73,All-rounder
Abhishek Sharma,1377.0,61.0,22.57,130.04,7.0,0.0,29.43,11.0,26.0,9.07,10.35,74,All-rounder
Abishek Porel,360.0,16.0,22.5,127.68,2.0,0.0,29.06,0.0,0.0,0.0,0.0,75,Batter
Akash Deep,19.0,3.0,6.33,104.17,0.0,0.0,7.0,8.0,8.0,11.32,23.75,76,All-rounder
Akash Madhwal,4.0,1.0,4.0,80.0,0.0,0.0,4.0,22.0,13.0,8.85,44.0,77,All-rounder
Akash Singh,0.0,0.0,0.0,0.0,0.0,0.0,0.0,5.0,7.0,10.17,16.43,78,Bowler
Aman Hakim Khan,115.0,10.0,11.5,101.87,1.0,0.0,14.5,0.0,1.0,13.0,-2.0,79,All-rounder
Anand Rajan,0.0,0.0,0.0,0.0,0.0,0.0,0.0,10.0,8.0,7.72,31.75,80,Bowler
Anirudh Singh,63.0,4.0,15.75,67.55,0.0,0.0,18.25,0.0,0.0,0.0,0.0,81,Batter
Ankit Sharma,87.0,10.0,8.7,99.48,0.0,0.0,10.4,12.0,21.0,7.96,14.67,82,All-rounder
Ankit Soni,7.0,3.0,2.33,116.67,0.0,0.0,1.67,4.0,6.0,8.81,18.0,83,All-rounder
Anmolpreet Singh,139.0,9.0,15.44,101.84,0.0,0.0,19.33,0.0,0.0,0.0,0.0,84,Batter
Anuj Rawat,318.0,21.0,15.14,97.64,1.0,0.0,18.1,0.0,0.0,0.0,0.0,85,Batter
Anureet Singh,36.0,8.0,4.5,64.59,0.0,0.0,4.0,21.0,22.0,9.12,23.14,86,All-rounder
Arjun Tendulkar,13.0,1.0,13.0,144.4,0.0,0.0,15.0,4.0,5.0,8.24,20.4,87,All-rounder
Arshad Khan,96.0,6.0,16.0,92.48,1.0,0.0,20.5,6.0,9.0,11.57,16.0,88,All-rounder
Arshad Khan (2),5.0,1.0,5.0,125.0,0.0,0.0,6.0,0.0,1.0,11.5,-2.0,89,All-rounder
Arshdeep Singh,29.0,11.0,2.64,60.87,0.0,0.0,2.27,84.0,65.0,8.87,32.15,90,All-rounder
Ashutosh Sharma,189.0,9.0,21.0,133.53,1.0,0.0,28.11,0.0,0.0,0.0,0.0,91,Batter
Atharva Taide,247.0,9.0,27.44,128.64,2.0,0.0,35.11,0.0,1.0,20.0,-2.0,92,All-rounder
Avesh Khan,41.0,9.0,4.56,158.14,0.0,0.0,5.33,81.0,62.0,8.96,32.82,93,All-rounder
Azhar Mahmood,388.0,21.0,18.48,104.44,2.0,0.0,23.1,31.0,23.0,7.65,34.39,94,All-rounder
Azmatullah Omarzai,42.0,4.0,10.5,108.62,0.0,0.0,12.0,4.0,7.0,8.94,13.43,95,All-rounder
B Akhil,76.0,11.0,6.91,110.68,0.0,0.0,7.91,7.0,13.0,7.29,14.23,96,All-rounder
B Chipli,280.0,21.0,13.33,97.5,1.0,0.0,16.1,0.0,1.0,20.0,-2.0,97,All-rounder
B Geeves,0.0,0.0,0.0,0.0,0.0,0.0,0.0,2.0,2.0,11.25,23.0,98,Bowler
B Indrajith,21.0,3.0,7.0,54.4,0.0,0.0,7.0,0.0,0.0,0.0,0.0,99,Batter
B Kumar,306.0,65.0,4.71,83.28,0.0,0.0,4.98,195.0,176.0,7.52,28.34,100,All-rounder
B Laughlin,5.0,4.0,1.25,20.82,0.0,0.0,0.25,10.0,9.0,9.54,26.67,101,All-rounder
B Lee,124.0,19.0,6.53,104.39,0.0,0.0,7.58,30.0,38.0,7.26,20.37,102,All-rounder
B Sai Sudharsan,1034.0,25.0,41.36,128.33,7.0,1.0,53.32,0.0,0.0,0.0,0.0,103,Batter
B Stanlake,5.0,1.0,5.0,250.0,0.0,0.0,6.0,7.0,6.0,8.08,28.5,104,All-rounder
B Sumanth,35.0,4.0,8.75,123.12,0.0,0.0,9.5,0.0,0.0,0.0,0.0,105,Batter
BA Bhatt,6.0,2.0,3.0,150.0,0.0,0.0,3.0,13.0,15.0,8.06,21.27,106,All-rounder
BA Stokes,935.0,43.0,21.74,113.39,4.0,2.0,27.49,31.0,38.0,8.92,20.24,107,All-rounder
BAW Mendis,3.0,3.0,1.0,50.0,0.0,0.0,0.33,9.0,10.0,7.31,22.3,108,All-rounder
BB McCullum,2882.0,109.0,26.44,110.46,15.0,2.0,34.41,0.0,0.0,0.0,0.0,109,Batter
BB Samantray,125.0,8.0,15.62,108.08,1.0,0.0,19.5,0.0,0.0,0.0,0.0,110,Batter
BB Sran,10.0,7.0,1.43,77.14,0.0,0.0,1.14,20.0,24.0,9.37,20.67,111,All-rounder
BCJ Cutting,238.0,17.0,14.0,142.4,0.0,0.0,17.47,12.0,17.0,9.5,16.94,112,All-rounder
BE Hendricks,1.0,2.0,0.5,25.0,0.0,0.0,-0.5,11.0,7.0,8.79,39.86,113,All-rounder
BJ Haddin,18.0,1.0,18.0,163.6,0.0,0.0,22.0,0.0,0.0,0.0,0.0,114,Batter
BJ Hodge,1400.0,63.0,22.22,103.78,6.0,0.0,27.49,18.0,20.0,8.25,23.9,115,All-rounder
BJ Rohrer,193.0,8.0,24.12,137.43,1.0,0.0,30.5,0.0,1.0,11.0,-2.0,116,All-rounder
BMAJ Mendis,23.0,3.0,7.67,64.27,0.0,0.0,7.0,1.0,2.0,7.66,11.5,117,All-rounder
BR Dunk,40.0,3.0,13.33,114.4,0.0,0.0,15.67,0.0,0.0,0.0,0.0,118,Batter
BR Sharath,2.0,1.0,2.0,40.0,0.0,0.0,2.0,0.0,0.0,0.0,0.0,119,Batter
BW Hilfenhaus,0.0,0.0,0.0,0.0,0.0,0.0,0.0,23.0,17.0,7.64,34.29,120,Bowler
Basil Thampi,32.0,7.0,4.57,70.6,0.0,0.0,4.71,26.0,25.0,9.99,25.52,121,All-rounder
Bipul Sharma,187.0,17.0,11.0,132.99,0.0,0.0,12.94,21.0,28.0,8.47,18.46,122,All-rounder
C Ganapathy,0.0,0.0,0.0,0.0,0.0,0.0,0.0,0.0,1.0,13.0,-2.0,123,Bowler
C Green,707.0,28.0,25.25,130.99,3.0,1.0,32.89,20.0,29.0,9.17,16.83,124,All-rounder
C Madan,15.0,1.0,15.0,71.4,0.0,0.0,18.0,0.0,0.0,0.0,0.0,125,Batter
C Munro,177.0,11.0,16.09,100.77,0.0,0.0,19.82,0.0,2.0,7.5,0.0,126,All-rounder
C Nanda,0.0,1.0,0.0,0.0,0.0,0.0,-2.0,2.0,3.0,6.22,18.67,127,All-rounder
C Sakariya,20.0,7.0,2.86,55.89,0.0,0.0,2.71,20.0,19.0,7.95,26.11,128,All-rounder
C de Grandhomme,303.0,21.0,14.43,105.1,0.0,0.0,17.67,7.0,19.0,9.74,9.84,129,All-rounder
CA Ingram,192.0,14.0,13.71,106.95,0.0,0.0,16.5,0.0,0.0,0.0,0.0,130,Batter
CA Lynn,1329.0,42.0,31.64,123.11,10.0,0.0,41.6,0.0,0.0,0.0,0.0,131,Batter
CA Pujara,390.0,22.0,17.73,88.98,1.0,0.0,21.36,0.0,0.0,0.0,0.0,132,Batter
CH Gayle,4986.0,139.0,35.87,123.68,38.0,6.0,48.5,19.0,37.0,8.32,13.27,133,All-rounder
CH Morris,618.0,49.0,12.61,113.07,2.0,0.0,15.29,107.0,81.0,8.01,33.89,134,All-rounder
CJ Anderson,538.0,29.0,18.55,99.19,3.0,0.0,23.72,14.0,22.0,10.07,14.91,135,All-rounder
CJ Dala,0.0,0.0,0.0,0.0,0.0,0.0,0.0,0.0,1.0,11.0,-2.0,136,Bowler
CJ Ferguson,98.0,8.0,12.25,84.12,0.0,0.0,13.38,0.0,0.0,0.0,0.0,137,Batter
CJ Green,0.0,0.0,0.0,0.0,0.0,0.0,0.0,0.0,1.0,8.57,0.0,138,Bowler
CJ Jordan,81.0,12.0,6.75,85.38,0.0,0.0,7.67,35.0,34.0,9.28,25.85,139,All-rounder
CJ McKay,8.0,1.0,8.0,53.3,0.0,0.0,8.0,1.0,2.0,8.5,12.5,140,All-rounder
CK Kapugedera,16.0,3.0,5.33,50.13,0.0,0.0,4.67,0.0,3.0,18.5,-1.33,141,All-rounder
CK Langeveldt,8.0,2.0,4.0,50.0,0.0,0.0,4.0,13.0,7.0,7.37,47.29,142,All-rounder
CL White,971.0,45.0,21.58,105.22,6.0,0.0,27.18,1.0,6.0,11.92,3.83,143,All-rounder
CM Gautam,169.0,13.0,13.0,101.68,0.0,0.0,16.15,0.0,0.0,0.0,0.0,144,Batter
CR Brathwaite,181.0,14.0,12.93,140.49,0.0,0.0,16.5,16.0,16.0,8.87,24.5,145,All-rounder
CR Woakes,78.0,12.0,6.5,92.6,0.0,0.0,7.25,31.0,21.0,8.79,36.9,146,All-rounder
CRD Fernando,4.0,2.0,2.0,150.0,0.0,0.0,2.0,19.0,10.0,7.31,49.5,147,All-rounder
CV Varun,25.0,10.0,2.5,55.53,0.0,0.0,2.3,84.0,70.0,7.7,30.74,148,All-rounder
D Brevis,230.0,10.0,23.0,108.45,0.0,0.0,29.3,1.0,1.0,16.0,23.0,149,All-rounder
D Ferreira,8.0,2.0,4.0,60.4,0.0,0.0,4.0,0.0,0.0,0.0,0.0,150,Batter
D Jansen,0.0,0.0,0.0,0.0,0.0,0.0,0.0,1.0,1.0,12.25,23.0,151,Bowler
D Kalyankrishna,3.0,1.0,3.0,37.5,0.0,0.0,3.0,2.0,3.0,10.83,14.67,152,All-rounder
D Padikkal,1559.0,64.0,24.36,98.52,10.0,1.0,31.05,0.0,0.0,0.0,0.0,153,Batter
D Pretorius,44.0,5.0,8.8,123.92,0.0,0.0,10.2,7.0,7.0,9.15,24.14,154,All-rounder
D Salunkhe,33.0,3.0,11.0,143.33,0.0,0.0,12.67,1.0,5.0,9.36,4.2,155,All-rounder
D Wiese,137.0,10.0,13.7,146.21,0.0,0.0,16.5,17.0,14.0,8.54,30.64,156,All-rounder
D du Preez,10.0,1.0,10.0,76.9,0.0,0.0,10.0,4.0,2.0,7.62,52.0,157,All-rounder
DA Miller,2924.0,123.0,23.77,120.79,14.0,1.0,29.89,0.0,0.0,0.0,0.0,158,Batter
DA Warner,6548.0,183.0,35.78,116.39,66.0,4.0,47.17,0.0,1.0,5.0,0.0,159,All-rounder
DAJ Bracewell,12.0,1.0,12.0,133.3,0.0,0.0,13.0,3.0,1.0,7.75,79.0,160,All-rounder
DB Das,304.0,22.0,13.82,120.92,0.0,0.0,16.59,0.0,0.0,0.0,0.0,161,Batter
DB Ravi Teja,375.0,25.0,15.0,115.56,1.0,0.0,18.16,1.0,2.0,9.25,11.5,162,All-rounder
DE Bollinger,21.0,4.0,5.25,60.25,0.0,0.0,5.5,43.0,27.0,7.23,41.0,163,All-rounder
DG Nalkande,12.0,2.0,6.0,54.55,0.0,0.0,6.0,6.0,6.0,9.84,23.67,164,All-rounder
DH Yagnik,170.0,17.0,10.0,117.15,0.0,0.0,11.94,0.0,0.0,0.0,0.0,165,Batter
DJ Bravo,1560.0,110.0,14.18,125.38,5.0,0.0,17.27,206.0,158.0,8.14,32.91,166,All-rounder
DJ Harris,111.0,4.0,27.75,107.7,0.0,0.0,35.0,0.0,2.0,9.25,-1.0,167,All-rounder
DJ Hooda,1466.0,96.0,15.27,114.52,8.0,0.0,18.71,9.0,33.0,9.06,6.45,168,All-rounder
DJ Hussey,1322.0,61.0,21.67,105.16,5.0,0.0,26.85,10.0,26.0,9.59,9.08,169,All-rounder
DJ Jacobs,92.0,7.0,13.14,79.2,0.0,0.0,16.0,0.0,0.0,0.0,0.0,170,Batter
DJ Malan,26.0,1.0,26.0,100.0,0.0,0.0,29.0,0.0,0.0,0.0,0.0,171,Batter
DJ Mitchell,351.0,15.0,23.4,119.82,2.0,0.0,28.73,1.0,4.0,11.81,5.25,172,All-rounder
DJ Muthuswami,1.0,1.0,1.0,33.3,0.0,0.0,1.0,4.0,6.0,8.33,17.0,173,All-rounder
DJ Thornely,39.0,4.0,9.75,46.52,0.0,0.0,11.75,3.0,4.0,6.62,20.25,174,All-rounder
DJ Willey,53.0,5.0,10.6,94.0,0.0,0.0,11.6,7.0,11.0,7.53,16.82,175,All-rounder
DJG Sammy,295.0,20.0,14.75,114.08,1.0,0.0,17.7,14.0,19.0,9.17,19.05,176,All-rounder
DJM Short,115.0,7.0,16.43,112.3,0.0,0.0,20.57,1.0,2.0,8.25,11.5,177,All-rounder
DL Chahar,80.0,12.0,6.67,90.48,0.0,0.0,7.67,79.0,80.0,8.0,25.41,178,All-rounder
DL Vettori,121.0,16.0,7.56,90.81,0.0,0.0,8.38,34.0,34.0,6.97,26.65,179,All-rounder
DM Bravo,6.0,1.0,6.0,120.0,0.0,0.0,7.0,0.0,0.0,0.0,0.0,180,Batter
DNT Zoysa,11.0,2.0,5.5,96.45,0.0,0.0,6.0,2.0,3.0,8.78,16.0,181,All-rounder
DP Conway,924.0,22.0,42.0,108.39,9.0,0.0,54.91,0.0,0.0,0.0,0.0,182,Batter
DP Nannes,4.0,2.0,2.0,38.65,0.0,0.0,2.0,38.0,29.0,6.93,34.69,183,All-rounder
DP Vijaykumar,1.0,1.0,1.0,100.0,0.0,0.0,1.0,4.0,9.0,8.2,10.22,184,All-rounder
DPMD Jayawardene,1808.0,78.0,23.18,108.67,11.0,1.0,29.23,0.0,0.0,0.0,0.0,185,Batter
DR Martyn,19.0,1.0,19.0,73.1,0.0,0.0,20.0,0.0,0.0,0.0,0.0,186,Batter
DR Sams,44.0,13.0,3.38,111.68,0.0,0.0,3.31,15.0,16.0,8.26,23.69,187,All-rounder
DR Shorey,13.0,2.0,6.5,67.2,0.0,0.0,7.5,0.0,0.0,0.0,0.0,188,Batter
DR Smith,2385.0,88.0,27.1,113.58,17.0,0.0,35.5,27.0,46.0,9.97,14.24,189,All-rounder
DS Kulkarni,104.0,20.0,5.2,102.9,0.0,0.0,5.75,90.0,91.0,8.39,25.34,190,All-rounder
DS Lehmann,18.0,2.0,9.0,75.0,0.0,0.0,10.5,0.0,0.0,0.0,0.0,191,Batter
DT Christian,460.0,41.0,11.22,101.95,0.0,0.0,12.8,40.0,49.0,8.04,20.37,192,All-rounder
DT Patil,13.0,2.0,6.5,237.5,0.0,0.0,7.0,0.0,0.0,0.0,0.0,193,Batter
DW Steyn,167.0,33.0,5.06,94.42,0.0,0.0,5.36,105.0,95.0,6.84,29.44,194,All-rounder
Dhruv Jurel,347.0,22.0,15.77,119.63,2.0,0.0,20.0,0.0,0.0,0.0,0.0,195,Batter
E Lewis,654.0,26.0,25.15,108.56,4.0,0.0,32.92,0.0,0.0,0.0,0.0,196,Batter
EJG Morgan,1406.0,74.0,19.0,101.65,5.0,0.0,23.68,0.0,0.0,0.0,0.0,197,Batter
ER Dwivedi,24.0,2.0,12.0,147.2,0.0,0.0,15.0,0.0,0.0,0.0,0.0,198,Batter
F Behardien,14.0,3.0,4.67,76.2,0.0,0.0,4.67,0.0,0.0,0.0,0.0,199,Batter
F du Plessis,4571.0,138.0,33.12,119.25,37.0,0.0,42.54,0.0,1.0,16.0,-2.0,200,All-rounder
FA Allen,14.0,3.0,4.67,56.27,0.0,0.0,4.33,2.0,4.0,9.06,11.0,201,All-rounder
FH Edwards,4.0,2.0,2.0,91.65,0.0,0.0,2.0,6.0,6.0,6.27,26.33,202,All-rounder
FY Fazal,183.0,11.0,16.64,85.25,0.0,0.0,19.73,1.0,2.0,10.0,11.5,203,All-rounder
Fazalhaq Farooqi,3.0,2.0,1.5,22.5,0.0,0.0,1.5,6.0,7.0,8.54,21.43,204,All-rounder
G Coetzee,14.0,5.0,2.8,48.4,0.0,0.0,2.8,13.0,10.0,10.3,32.1,205,All-rounder
G Gambhir,4217.0,151.0,27.93,103.45,36.0,0.0,35.26,0.0,0.0,0.0,0.0,206,Batter
GB Hogg,22.0,4.0,5.5,114.55,0.0,0.0,5.75,25.0,21.0,7.72,31.1,207,All-rounder
GC Smith,739.0,29.0,25.48,79.71,4.0,0.0,31.48,0.0,0.0,0.0,0.0,208,Batter
GC Viljoen,3.0,3.0,1.0,33.33,0.0,0.0,0.33,8.0,6.0,9.4,33.0,209,All-rounder
GD McGrath,4.0,2.0,2.0,66.65,0.0,0.0,1.5,14.0,14.0,6.75,25.71,210,All-rounder
GD Phillips,65.0,8.0,8.12,114.11,0.0,0.0,9.75,2.0,4.0,8.5,13.0,211,All-rounder
GH Vihari,284.0,23.0,12.35,78.65,0.0,0.0,13.96,1.0,6.0,7.5,5.5,212,All-rounder
GHS Garton,2.0,2.0,1.0,33.35,0.0,0.0,0.0,3.0,5.0,9.05,13.8,213,All-rounder
GJ Bailey,663.0,36.0,18.42,109.62,2.0,0.0,22.39,0.0,0.0,0.0,0.0,214,Batter
GJ Maxwell,2772.0,128.0,21.66,122.1,18.0,0.0,27.98,41.0,79.0,8.64,12.95,215,All-rounder
GR Napier,15.0,1.0,15.0,93.8,0.0,0.0,16.0,1.0,1.0,7.0,25.0,216,All-rounder
GS Sandhu,0.0,0.0,0.0,0.0,0.0,0.0,0.0,1.0,2.0,10.75,10.5,217,Bowler
Gagandeep Singh,0.0,0.0,0.0,0.0,0.0,0.0,0.0,3.0,4.0,10.16,16.75,218,Bowler
Gulbadin Naib,19.0,1.0,19.0,126.7,0.0,0.0,22.0,0.0,1.0,12.0,-2.0,219,All-rounder
Gurkeerat Singh,505.0,31.0,16.29,100.64,2.0,0.0,19.39,5.0,6.0,7.22,20.83,220,All-rounder
Gurnoor Brar,0.0,0.0,0.0,0.0,0.0,0.0,0.0,0.0,1.0,12.67,-2.0,221,Bowler
H Das,2.0,1.0,2.0,40.0,0.0,0.0,2.0,0.0,0.0,0.0,0.0,222,Batter
H Klaasen,987.0,31.0,31.84,150.39,7.0,1.0,41.97,0.0,0.0,0.0,0.0,223,Batter
H Sharma,0.0,0.0,0.0,0.0,0.0,0.0,0.0,0.0,2.0,12.75,-2.0,224,Bowler
HC Brook,190.0,11.0,17.27,77.08,1.0,1.0,22.09,0.0,0.0,0.0,0.0,225,Batter
HE van der Dussen,22.0,3.0,7.33,91.5,0.0,0.0,8.0,0.0,0.0,0.0,0.0,226,Batter
HF Gurney,1.0,1.0,1.0,20.0,0.0,0.0,1.0,7.0,8.0,8.45,20.88,227,All-rounder
HH Gibbs,886.0,36.0,24.61,92.45,6.0,0.0,30.97,0.0,0.0,0.0,0.0,228,Batter
HH Pandya,2534.0,128.0,19.8,133.05,10.0,0.0,24.88,69.0,93.0,9.01,18.53,229,All-rounder
HM Amla,577.0,16.0,36.06,103.16,5.0,2.0,48.19,0.0,0.0,0.0,0.0,230,Batter
HR Shokeen,66.0,5.0,13.2,93.0,0.0,0.0,14.6,5.0,13.0,9.94,8.85,231,All-rounder
HV Patel,243.0,36.0,6.75,92.94,0.0,0.0,7.69,149.0,102.0,8.52,37.17,232,All-rounder
Harbhajan Singh,833.0,88.0,9.47,115.81,1.0,0.0,11.41,157.0,160.0,7.24,25.42,233,All-rounder
Harmeet Singh,18.0,4.0,4.5,102.08,0.0,0.0,4.75,31.0,28.0,8.2,27.46,234,All-rounder
Harpreet Brar,233.0,24.0,9.71,110.23,0.0,0.0,11.17,25.0,39.0,8.22,16.38,235,All-rounder
Harpreet Singh,123.0,8.0,15.38,102.45,0.0,0.0,17.88,0.0,0.0,0.0,0.0,236,Batter
Harshit Rana,2.0,3.0,0.67,66.67,0.0,0.0,-0.67,27.0,19.0,8.97,35.32,237,All-rounder
I Malhotra,7.0,1.0,7.0,175.0,0.0,0.0,8.0,0.0,1.0,23.0,-2.0,238,All-rounder
I Sharma,57.0,21.0,2.71,98.72,0.0,0.0,2.81,96.0,110.0,8.05,21.98,239,All-rounder
I Udana,15.0,4.0,3.75,108.32,0.0,0.0,4.0,8.0,10.0,9.33,18.8,240,All-rounder
IC Pandey,0.0,1.0,0.0,0.0,0.0,0.0,-2.0,19.0,24.0,8.0,19.46,241,All-rounder
IC Porel,0.0,0.0,0.0,0.0,0.0,0.0,0.0,1.0,1.0,10.0,23.0,242,Bowler
IK Pathan,1150.0,82.0,14.02,117.83,1.0,0.0,16.54,99.0,101.0,7.88,24.98,243,All-rounder
IR Jaggi,76.0,7.0,10.86,66.57,0.0,0.0,11.71,0.0,0.0,0.0,0.0,244,Batter
IS Sodhi,7.0,2.0,3.5,33.35,0.0,0.0,3.5,9.0,8.0,6.81,29.88,245,All-rounder
Imran Tahir,33.0,8.0,4.12,80.39,0.0,0.0,4.5,86.0,59.0,7.74,37.19,246,All-rounder
Iqbal Abdulla,88.0,13.0,6.77,82.73,0.0,0.0,7.62,45.0,48.0,7.3,24.1,247,All-rounder
Ishan Kishan,2644.0,99.0,26.71,115.52,16.0,0.0,34.35,0.0,0.0,0.0,0.0,248,Batter
J Arunkumar,23.0,3.0,7.67,51.83,0.0,0.0,8.67,0.0,0.0,0.0,0.0,249,Batter
J Botha,409.0,28.0,14.61,115.2,1.0,0.0,17.21,27.0,34.0,7.68,20.62,250,All-rounder
J Fraser-McGurk,330.0,9.0,36.67,200.64,4.0,0.0,51.56,0.0,0.0,0.0,0.0,251,Batter
J Little,0.0,0.0,0.0,0.0,0.0,0.0,0.0,13.0,11.0,9.05,29.55,252,Bowler
J Suchith,70.0,9.0,7.78,90.42,0.0,0.0,9.11,20.0,21.0,8.84,23.62,253,All-rounder
J Syed Mohammad,29.0,5.0,5.8,145.7,0.0,0.0,6.6,10.0,11.0,9.57,21.82,254,All-rounder
J Theron,10.0,4.0,2.5,66.68,0.0,0.0,2.25,13.0,10.0,8.05,33.1,255,All-rounder
J Yadav,40.0,4.0,10.0,117.72,0.0,0.0,11.0,9.0,19.0,6.9,12.26,256,All-rounder
JA Morkel,975.0,67.0,14.55,132.79,3.0,0.0,17.79,96.0,87.0,8.07,28.02,257,All-rounder
JA Richardson,17.0,3.0,5.67,55.07,0.0,0.0,5.67,3.0,4.0,10.36,17.25,258,All-rounder
JC Archer,199.0,23.0,8.65,123.03,0.0,0.0,10.09,49.0,40.0,7.33,31.52,259,All-rounder
JC Buttler,3583.0,106.0,33.8,123.2,26.0,7.0,44.63,0.0,0.0,0.0,0.0,260,Batter
JD Ryder,604.0,29.0,20.83,100.18,4.0,0.0,26.45,11.0,16.0,8.88,17.56,261,All-rounder
JD Unadkat,197.0,27.0,7.3,117.14,0.0,0.0,8.19,108.0,103.0,9.06,26.23,262,All-rounder
JDP Oram,106.0,11.0,9.64,92.88,0.0,0.0,11.27,13.0,14.0,9.34,22.64,263,All-rounder
JDS Neesham,92.0,10.0,9.2,80.11,0.0,0.0,9.8,8.0,13.0,9.98,14.92,264,All-rounder
JE Root,10.0,1.0,10.0,66.7,0.0,0.0,11.0,0.0,1.0,7.5,0.0,265,All-rounder
JE Taylor,3.0,2.0,1.5,75.0,0.0,0.0,1.5,6.0,5.0,8.29,30.0,266,All-rounder
JEC Franklin,327.0,16.0,20.44,101.83,1.0,0.0,24.38,9.0,15.0,9.55,14.47,267,All-rounder
JH Kallis,2427.0,95.0,25.55,89.7,17.0,0.0,31.85,74.0,89.0,7.94,21.26,268,All-rounder
JJ Bumrah,68.0,26.0,2.62,73.12,0.0,0.0,2.19,182.0,133.0,7.15,35.83,269,All-rounder
JJ Roy,614.0,21.0,29.24,120.21,4.0,0.0,38.24,0.0,0.0,0.0,0.0,270,Batter
JJ van der Wath,18.0,3.0,6.0,69.1,0.0,0.0,6.33,3.0,3.0,10.83,23.67,271,All-rounder
JL Denly,0.0,1.0,0.0,0.0,0.0,0.0,-2.0,0.0,0.0,0.0,0.0,272,Batter
JL Pattinson,15.0,2.0,7.5,108.75,0.0,0.0,8.5,11.0,10.0,8.94,26.5,273,All-rounder
JM Bairstow,1589.0,50.0,31.78,127.04,11.0,2.0,41.9,0.0,0.0,0.0,0.0,274,Batter
JM Kemp,26.0,2.0,13.0,90.95,0.0,0.0,14.5,3.0,5.0,7.61,17.4,275,All-rounder
JM Sharma,730.0,36.0,20.28,139.68,0.0,0.0,25.03,0.0,0.0,0.0,0.0,276,Batter
JO Holder,259.0,27.0,9.59,105.12,0.0,0.0,11.33,59.0,46.0,8.74,32.41,277,All-rounder
JP Behrendorff,6.0,2.0,3.0,67.5,0.0,0.0,3.0,22.0,17.0,9.07,32.47,278,All-rounder
JP Duminy,1962.0,74.0,26.51,116.06,13.0,0.0,33.0,23.0,48.0,7.79,12.27,279,All-rounder
JP Faulkner,527.0,45.0,11.71,128.92,0.0,0.0,14.07,74.0,58.0,8.79,32.48,280,All-rounder
JPR Scantlebury-Searles,8.0,2.0,4.0,320.0,0.0,0.0,5.0,2.0,3.0,12.42,14.67,281,All-rounder
JR Hazlewood,19.0,6.0,3.17,64.97,0.0,0.0,3.0,36.0,27.0,8.08,34.37,282,All-rounder
JR Hopes,417.0,19.0,21.95,128.13,4.0,0.0,28.11,14.0,20.0,9.13,16.8,283,All-rounder
JR Philippe,78.0,5.0,15.6,70.24,0.0,0.0,19.0,0.0,0.0,0.0,0.0,284,Batter
JW Hastings,0.0,0.0,0.0,0.0,0.0,0.0,0.0,3.0,3.0,6.27,26.33,285,Bowler
Jalaj S Saxena,0.0,0.0,0.0,0.0,0.0,0.0,0.0,0.0,1.0,9.0,0.0,286,Bowler
Jaskaran Singh,8.0,4.0,2.0,62.5,0.0,0.0,1.5,6.0,7.0,10.37,20.29,287,All-rounder
Joginder Sharma,36.0,5.0,7.2,80.0,0.0,0.0,7.4,13.0,15.0,9.32,20.73,288,All-rounder
K Goel,218.0,16.0,13.62,75.21,0.0,0.0,15.94,0.0,6.0,8.61,-0.67,289,All-rounder
K Gowtham,246.0,26.0,9.46,151.19,0.0,0.0,11.27,21.0,35.0,9.2,14.66,290,All-rounder
K Kartikeya,9.0,2.0,4.5,67.85,0.0,0.0,5.0,10.0,12.0,8.42,20.5,291,All-rounder
K Khejroliya,0.0,0.0,0.0,0.0,0.0,0.0,0.0,5.0,6.0,10.72,19.83,292,Bowler
K Rabada,206.0,28.0,7.36,96.26,0.0,0.0,8.21,126.0,80.0,8.4,39.7,293,All-rounder
K Santokie,0.0,0.0,0.0,0.0,0.0,0.0,0.0,3.0,2.0,11.0,35.5,294,Bowler
K Upadhyay,12.0,2.0,6.0,118.75,0.0,0.0,7.0,0.0,3.0,8.86,-0.67,295,All-rounder
K Yadav,0.0,1.0,0.0,0.0,0.0,0.0,-2.0,2.0,3.0,9.0,16.0,296,All-rounder
KA Jamieson,65.0,7.0,9.29,130.03,0.0,0.0,10.86,9.0,9.0,9.44,24.11,297,All-rounder
KA Maharaj,1.0,1.0,1.0,50.0,0.0,0.0,1.0,2.0,2.0,6.88,25.0,298,All-rounder
KA Pollard,3437.0,168.0,20.46,129.04,16.0,0.0,25.99,80.0,107.0,8.9,18.45,299,All-rounder
KAJ Roach,10.0,1.0,10.0,111.1,0.0,0.0,11.0,0.0,2.0,9.5,-1.0,300,All-rounder
KB Arun Karthik,51.0,8.0,6.38,81.88,0.0,0.0,6.88,0.0,0.0,0.0,0.0,301,Batter
KC Cariappa,24.0,5.0,4.8,110.66,0.0,0.0,5.6,8.0,11.0,9.76,17.09,302,All-rounder
KC Sangakkara,1687.0,68.0,24.81,106.77,10.0,0.0,30.88,0.0,0.0,0.0,0.0,303,Batter
KD Karthik,4816.0,232.0,20.76,117.44,22.0,0.0,25.83,0.0,0.0,0.0,0.0,304,Batter
KH Pandya,1647.0,106.0,15.54,118.66,1.0,0.0,18.76,78.0,117.0,7.71,17.13,305,All-rounder
KJ Abbott,13.0,3.0,4.33,100.0,0.0,0.0,4.33,2.0,5.0,10.92,8.4,306,All-rounder
KK Ahmed,1.0,5.0,0.2,10.0,0.0,0.0,-1.4,78.0,57.0,8.79,34.25,307,All-rounder
KK Cooper,116.0,12.0,9.67,155.73,0.0,0.0,11.92,36.0,25.0,7.89,36.48,308,All-rounder
KK Nair,1496.0,68.0,22.0,109.52,10.0,0.0,27.78,0.0,0.0,0.0,0.0,309,Batter
KL Nagarkoti,22.0,7.0,3.14,66.19,0.0,0.0,2.71,5.0,11.0,9.51,10.45,310,All-rounder
KL Rahul,4689.0,122.0,38.43,119.34,41.0,4.0,49.88,0.0,0.0,0.0,0.0,311,Batter
KM Asif,0.0,1.0,0.0,0.0,0.0,0.0,-2.0,7.0,7.0,9.58,24.71,312,All-rounder
KM Jadhav,1208.0,80.0,15.1,109.78,4.0,0.0,18.2,0.0,0.0,0.0,0.0,313,Batter
KMA Paul,18.0,5.0,3.6,77.5,0.0,0.0,3.8,9.0,8.0,7.64,29.88,314,All-rounder
KMDN Kulasekara,5.0,1.0,5.0,166.7,0.0,0.0,6.0,6.0,5.0,6.77,30.8,315,All-rounder
KP Appanna,2.0,3.0,0.67,50.0,0.0,0.0,0.0,11.0,13.0,8.76,21.15,316,All-rounder
KP Pietersen,1001.0,36.0,27.81,112.25,5.0,1.0,35.56,9.0,13.0,7.65,18.23,317,All-rounder
KR Mayers,365.0,12.0,30.42,112.41,4.0,0.0,41.08,0.0,6.0,7.58,0.67,318,All-rounder
KR Sen,0.0,1.0,0.0,0.0,0.0,0.0,-2.0,14.0,12.0,9.38,29.5,319,All-rounder
KS Bharat,199.0,8.0,24.88,101.68,1.0,0.0,30.62,0.0,0.0,0.0,0.0,320,Batter
KS Sharma,7.0,2.0,3.5,80.0,0.0,0.0,4.0,0.0,0.0,0.0,0.0,321,Batter
KS Williamson,2132.0,76.0,28.05,111.11,18.0,0.0,35.54,0.0,2.0,9.5,-1.0,322,All-rounder
KT Maphaka,0.0,0.0,0.0,0.0,0.0,0.0,0.0,1.0,2.0,13.75,10.5,323,Bowler
KV Sharma,351.0,39.0,9.0,113.24,0.0,0.0,10.54,81.0,82.0,8.78,24.99,324,All-rounder
KW Richardson,36.0,4.0,9.0,82.5,0.0,0.0,10.0,21.0,15.0,8.28,35.27,325,All-rounder
Kamran Akmal,128.0,6.0,21.33,161.8,1.0,0.0,28.17,0.0,0.0,0.0,0.0,326,Batter
Kamran Khan,3.0,1.0,3.0,60.0,0.0,0.0,3.0,14.0,9.0,8.89,40.44,327,All-rounder
Karanveer Singh,12.0,4.0,3.0,80.53,0.0,0.0,3.25,14.0,9.0,9.81,39.33,328,All-rounder
Kartik Tyagi,13.0,6.0,2.17,67.78,0.0,0.0,2.0,16.0,20.0,9.87,18.9,329,All-rounder
Kuldeep Yadav,183.0,32.0,5.72,72.74,0.0,0.0,6.03,89.0,82.0,8.31,27.57,330,All-rounder
Kumar Kushagra,3.0,3.0,1.0,33.33,0.0,0.0,0.33,0.0,0.0,0.0,0.0,331,Batter
L Ablish,0.0,1.0,0.0,0.0,0.0,0.0,-2.0,5.0,3.0,10.0,42.33,332,All-rounder
L Balaji,36.0,13.0,2.77,70.47,0.0,0.0,2.31,85.0,73.0,7.91,30.07,333,All-rounder
L Ngidi,0.0,0.0,0.0,0.0,0.0,0.0,0.0,28.0,14.0,7.97,51.43,334,Bowler
L Ronchi,34.0,5.0,6.8,74.08,0.0,0.0,8.0,0.0,0.0,0.0,0.0,335,Batter
L Wood,9.0,1.0,9.0,300.0,0.0,0.0,11.0,1.0,2.0,14.5,10.5,336,All-rounder
LA Carseldine,81.0,5.0,16.2,116.84,0.0,0.0,19.2,1.0,1.0,5.0,25.0,337,All-rounder
LA Pomersbach,302.0,16.0,18.88,111.13,1.0,0.0,23.31,0.0,0.0,0.0,0.0,338,Batter
LB Williams,1.0,1.0,1.0,50.0,0.0,0.0,1.0,1.0,2.0,10.26,11.5,339,All-rounder
LE Plunkett,1.0,2.0,0.5,25.0,0.0,0.0,-0.5,4.0,7.0,9.36,14.86,340,All-rounder
LH Ferguson,68.0,7.0,9.71,115.51,0.0,0.0,10.86,56.0,45.0,8.94,31.56,341,All-rounder
LI Meriwala,0.0,0.0,0.0,0.0,0.0,0.0,0.0,1.0,1.0,9.0,25.0,342,Bowler
LJ Wright,106.0,5.0,21.2,161.26,0.0,0.0,27.2,2.0,6.0,11.29,6.67,343,All-rounder
LMP Simmons,1079.0,29.0,37.21,100.76,12.0,1.0,50.07,1.0,1.0,11.33,23.0,344,All-rounder
LPC Silva,40.0,3.0,13.33,114.43,0.0,0.0,15.0,0.0,1.0,21.0,-2.0,345,All-rounder
LR Shukla,405.0,33.0,12.27,107.14,0.0,0.0,14.42,17.0,27.0,8.92,15.37,346,All-rounder
LRPL Taylor,1017.0,54.0,18.83,111.35,3.0,0.0,22.91,0.0,2.0,11.5,-2.0,347,All-rounder
LS Livingstone,928.0,38.0,24.42,124.77,6.0,0.0,31.92,11.0,22.0,10.76,11.59,348,All-rounder
Lalit Yadav,305.0,21.0,14.52,90.74,0.0,0.0,16.95,11.0,19.0,9.54,14.26,349,All-rounder
Liton Das,4.0,1.0,4.0,100.0,0.0,0.0,5.0,0.0,0.0,0.0,0.0,350,Batter
M Ashwin,35.0,12.0,2.92,71.49,0.0,0.0,2.75,35.0,44.0,8.26,19.75,351,All-rounder
M Jansen,66.0,12.0,5.5,84.06,0.0,0.0,5.92,22.0,21.0,9.04,25.71,352,All-rounder
M Kaif,259.0,22.0,11.77,95.85,0.0,0.0,13.68,0.0,0.0,0.0,0.0,353,Batter
M Kartik,113.0,14.0,8.07,92.25,0.0,0.0,8.57,39.0,55.0,7.29,17.95,354,All-rounder
M Klinger,73.0,4.0,18.25,81.62,0.0,0.0,20.5,0.0,0.0,0.0,0.0,355,Batter
M Manhas,514.0,38.0,13.53,93.59,0.0,0.0,15.39,0.0,3.0,6.67,2.0,356,All-rounder
M Markande,48.0,10.0,4.8,98.73,0.0,0.0,5.3,36.0,37.0,9.13,23.78,357,All-rounder
M Morkel,126.0,20.0,6.3,113.94,0.0,0.0,6.95,88.0,70.0,7.56,32.0,358,All-rounder
M Muralitharan,20.0,9.0,2.22,62.5,0.0,0.0,1.67,67.0,66.0,6.78,26.83,359,All-rounder
M Ntini,11.0,2.0,5.5,42.3,0.0,0.0,5.5,8.0,9.0,7.17,22.22,360,All-rounder
M Pathirana,0.0,0.0,0.0,0.0,0.0,0.0,0.0,35.0,19.0,7.38,47.32,361,Bowler
M Prasidh Krishna,9.0,7.0,1.29,26.26,0.0,0.0,0.43,53.0,51.0,8.62,25.98,362,All-rounder
M Rawat,55.0,11.0,5.0,68.15,0.0,0.0,5.36,0.0,0.0,0.0,0.0,363,Batter
M Shahrukh Khan,553.0,37.0,14.95,131.34,1.0,0.0,18.38,0.0,2.0,8.0,0.0,364,All-rounder
M Siddharth,0.0,0.0,0.0,0.0,0.0,0.0,0.0,1.0,3.0,7.58,7.67,365,Bowler
M Theekshana,7.0,2.0,3.5,87.5,0.0,0.0,3.5,23.0,26.0,7.7,22.19,366,All-rounder
M Vijay,2619.0,105.0,24.94,100.64,15.0,2.0,31.77,0.0,4.0,9.33,-1.0,367,All-rounder
M Vohra,1073.0,50.0,21.46,106.59,3.0,0.0,26.8,0.0,0.0,0.0,0.0,368,Batter
M de Lange,1.0,1.0,1.0,50.0,0.0,0.0,1.0,6.0,5.0,9.12,30.0,369,All-rounder
MA Agarwal,2669.0,121.0,22.06,110.57,14.0,1.0,27.87,0.0,0.0,0.0,0.0,370,Batter
MA Khote,24.0,3.0,8.0,121.43,0.0,0.0,9.33,2.0,2.0,10.5,23.0,371,All-rounder
MA Starc,105.0,16.0,6.56,92.97,0.0,0.0,7.0,59.0,38.0,8.19,39.55,372,All-rounder
MA Wood,12.0,3.0,4.0,134.43,0.0,0.0,5.0,11.0,5.0,9.25,58.6,373,All-rounder
MB Parmar,0.0,0.0,0.0,0.0,0.0,0.0,0.0,0.0,1.0,10.67,-2.0,374,Bowler
MC Henriques,1000.0,54.0,18.52,118.15,5.0,0.0,22.69,46.0,60.0,8.45,19.6,375,All-rounder
MC Juneja,125.0,7.0,17.86,86.41,0.0,0.0,20.29,0.0,0.0,0.0,0.0,376,Batter
MD Mishra,237.0,17.0,13.94,90.75,0.0,0.0,16.65,0.0,0.0,0.0,0.0,377,Batter
MD Shanaka,26.0,3.0,8.67,78.27,0.0,0.0,9.33,0.0,0.0,0.0,0.0,378,Batter
MDKJ Perera,14.0,2.0,7.0,58.35,0.0,0.0,7.5,0.0,0.0,0.0,0.0,379,Batter
MEK Hussey,1977.0,58.0,34.09,101.47,16.0,1.0,43.67,0.0,0.0,0.0,0.0,380,Batter
MF Maharoof,177.0,14.0,12.64,111.74,0.0,0.0,14.79,33.0,20.0,7.38,42.95,381,All-rounder
MG Bracewell,58.0,4.0,14.5,109.62,0.0,0.0,16.5,6.0,5.0,9.43,29.2,382,All-rounder
MG Johnson,167.0,28.0,5.96,91.87,0.0,0.0,6.61,66.0,54.0,8.06,30.67,383,All-rounder
MG Neser,0.0,0.0,0.0,0.0,0.0,0.0,0.0,0.0,1.0,14.75,-2.0,384,Bowler
MJ Clarke,98.0,6.0,16.33,93.25,0.0,0.0,19.0,3.0,5.0,6.15,15.0,385,All-rounder
MJ Guptill,271.0,13.0,20.85,114.97,1.0,0.0,27.0,0.0,0.0,0.0,0.0,386,Batter
MJ Henry,0.0,0.0,0.0,0.0,0.0,0.0,0.0,3.0,6.0,11.3,11.17,387,Bowler
MJ Lumb,278.0,12.0,23.17,102.31,1.0,0.0,29.75,0.0,0.0,0.0,0.0,388,Batter
MJ McClenaghan,85.0,20.0,4.25,86.32,0.0,0.0,4.5,75.0,56.0,8.23,33.88,389,All-rounder
MJ Santner,70.0,11.0,6.36,86.75,0.0,0.0,7.09,16.0,18.0,7.08,22.78,390,All-rounder
MJ Suthar,1.0,1.0,1.0,50.0,0.0,0.0,1.0,0.0,1.0,13.0,-2.0,391,All-rounder
MK Lomror,527.0,35.0,15.06,115.42,1.0,0.0,18.51,2.0,11.0,8.44,4.36,392,All-rounder
MK Pandey,3859.0,158.0,24.42,100.14,23.0,1.0,30.35,0.0,0.0,0.0,0.0,393,Batter
MK Tiwary,1695.0,83.0,20.42,112.27,7.0,0.0,24.95,1.0,6.0,10.67,2.83,394,All-rounder
ML Hayden,1107.0,32.0,34.59,115.59,8.0,0.0,45.19,0.0,0.0,0.0,0.0,395,Batter
MM Ali,1162.0,57.0,20.39,114.01,6.0,0.0,26.09,38.0,51.0,8.01,19.14,396,All-rounder
MM Patel,39.0,12.0,3.25,49.0,0.0,0.0,2.67,82.0,63.0,7.4,33.65,397,All-rounder
MM Sharma,124.0,28.0,4.43,78.85,0.0,0.0,4.61,147.0,111.0,8.58,33.65,398,All-rounder
MN Samuels,161.0,14.0,11.5,68.5,0.0,0.0,13.57,10.0,11.0,8.07,22.73,399,All-rounder
MN van Wyk,167.0,5.0,33.4,102.72,1.0,0.0,41.2,0.0,0.0,0.0,0.0,400,Batter
MP Stoinis,1860.0,86.0,21.63,113.81,10.0,1.0,27.38,45.0,62.0,9.74,17.76,401,All-rounder
MP Yadav,0.0,0.0,0.0,0.0,0.0,0.0,0.0,8.0,4.0,8.12,53.0,402,Bowler
MR Marsh,665.0,36.0,18.47,104.38,3.0,0.0,23.08,36.0,33.0,8.84,27.45,403,All-rounder
MS Bisla,798.0,39.0,20.46,83.2,4.0,0.0,25.31,0.0,0.0,0.0,0.0,404,Batter
MS Dhoni,5243.0,228.0,23.0,127.11,24.0,0.0,28.74,0.0,0.0,0.0,0.0,405,Batter
MS Gony,99.0,15.0,6.6,95.76,0.0,0.0,7.8,39.0,44.0,9.25,22.11,406,All-rounder
MS Wade,172.0,13.0,13.23,101.56,0.0,0.0,15.92,0.0,0.0,0.0,0.0,407,Batter
MV Boucher,394.0,23.0,17.13,110.12,1.0,0.0,21.04,0.0,0.0,0.0,0.0,408,Batter
MW Short,117.0,6.0,19.5,103.68,0.0,0.0,24.67,0.0,3.0,6.33,0.0,409,All-rounder
Mandeep Singh,1679.0,96.0,17.49,100.34,6.0,0.0,21.03,0.0,2.0,13.0,-1.0,410,All-rounder
Mashrafe Mortaza,2.0,1.0,2.0,100.0,0.0,0.0,2.0,0.0,1.0,12.75,-2.0,411,All-rounder
Mayank Dagar,0.0,1.0,0.0,0.0,0.0,0.0,-2.0,2.0,8.0,8.97,6.25,412,All-rounder
Misbah-ul-Haq,117.0,8.0,14.62,99.82,0.0,0.0,17.88,0.0,0.0,0.0,0.0,413,Batter
Mohammad Ashraful,2.0,1.0,2.0,16.7,0.0,0.0,2.0,0.0,0.0,0.0,0.0,414,Batter
Mohammad Asif,3.0,2.0,1.5,30.0,0.0,0.0,0.5,9.0,8.0,9.34,27.12,415,All-rounder
Mohammad Hafeez,64.0,8.0,8.0,83.34,0.0,0.0,9.38,2.0,4.0,7.58,13.0,416,All-rounder
Mohammad Nabi,221.0,19.0,11.63,133.28,0.0,0.0,13.95,15.0,23.0,8.42,16.48,417,All-rounder
Mohammed Shami,74.0,23.0,3.22,70.13,0.0,0.0,3.13,144.0,110.0,8.35,33.09,418,All-rounder
Mohammed Siraj,109.0,20.0,5.45,77.54,0.0,0.0,5.95,96.0,93.0,8.48,25.91,419,All-rounder
Mohit Rathee,1.0,1.0,1.0,50.0,0.0,0.0,1.0,0.0,1.0,14.5,-2.0,420,All-rounder
Mohsin Khan,25.0,5.0,5.0,108.0,0.0,0.0,5.4,27.0,23.0,8.64,30.13,421,All-rounder
Monu Kumar,0.0,0.0,0.0,0.0,0.0,0.0,0.0,0.0,1.0,7.0,0.0,422,Bowler
Mujeeb Ur Rahman,12.0,6.0,2.0,55.55,0.0,0.0,1.33,20.0,19.0,7.93,26.42,423,All-rounder
Mukesh Choudhary,6.0,2.0,3.0,100.0,0.0,0.0,3.5,16.0,14.0,9.69,28.29,424,All-rounder
Mukesh Kumar,10.0,5.0,2.0,42.5,0.0,0.0,1.2,31.0,20.0,10.09,38.95,425,All-rounder
Mustafizur Rahman,13.0,6.0,2.17,51.27,0.0,0.0,1.83,70.0,57.0,8.06,31.65,426,All-rounder
N Burger,0.0,0.0,0.0,0.0,0.0,0.0,0.0,7.0,5.0,8.67,34.2,427,Bowler
N Jagadeesan,162.0,10.0,16.2,73.18,0.0,0.0,19.5,0.0,0.0,0.0,0.0,428,Batter
N Pooran,1749.0,71.0,24.63,137.99,9.0,0.0,32.28,0.0,0.0,0.0,0.0,429,Batter
N Rana,2636.0,101.0,26.1,115.05,18.0,0.0,33.7,10.0,24.0,8.71,10.83,430,All-rounder
N Saini,140.0,10.0,14.0,82.52,1.0,0.0,17.2,0.0,0.0,0.0,0.0,431,Batter
N Thushara,0.0,0.0,0.0,0.0,0.0,0.0,0.0,8.0,7.0,9.18,28.57,432,Bowler
N Wadhera,350.0,16.0,21.88,125.41,2.0,0.0,28.25,0.0,1.0,6.5,0.0,433,All-rounder
NA Saini,0.0,0.0,0.0,0.0,0.0,0.0,0.0,0.0,1.0,12.0,-2.0,434,Bowler
NB Singh,0.0,0.0,0.0,0.0,0.0,0.0,0.0,1.0,2.0,4.25,18.5,435,Bowler
ND Doshi,0.0,1.0,0.0,0.0,0.0,0.0,-2.0,2.0,4.0,9.76,12.5,436,All-rounder
NJ Maddinson,20.0,3.0,6.67,91.27,0.0,0.0,8.0,0.0,0.0,0.0,0.0,437,Batter
NJ Rimmington,1.0,1.0,1.0,100.0,0.0,0.0,1.0,0.0,1.0,6.67,0.0,438,All-rounder
NK Patel,121.0,6.0,20.17,96.45,1.0,0.0,25.5,0.0,0.0,0.0,0.0,439,Batter
NL McCullum,26.0,2.0,13.0,125.45,0.0,0.0,14.0,0.0,2.0,6.84,0.0,440,All-rounder
NLTC Perera,424.0,30.0,14.13,117.65,0.0,0.0,17.23,37.0,36.0,9.08,25.86,441,All-rounder
NM Coulter-Nile,82.0,16.0,5.12,100.54,0.0,0.0,6.06,52.0,38.0,7.61,34.95,442,All-rounder
NS Naik,31.0,4.0,7.75,45.28,0.0,0.0,8.25,0.0,0.0,0.0,0.0,443,Batter
NT Ellis,19.0,5.0,3.8,58.46,0.0,0.0,3.4,18.0,16.0,8.24,28.25,444,All-rounder
NV Ojha,1546.0,93.0,16.62,105.33,6.0,0.0,20.41,0.0,0.0,0.0,0.0,445,Batter
Naman Dhir,140.0,7.0,20.0,136.67,1.0,0.0,26.29,0.0,3.0,15.1,-1.33,446,All-rounder
Navdeep Saini,33.0,6.0,5.5,84.15,0.0,0.0,6.0,26.0,30.0,8.7,21.47,447,All-rounder
Naveen-ul-Haq,18.0,4.0,4.5,57.4,0.0,0.0,5.0,26.0,17.0,9.14,38.94,448,All-rounder
Nithish Kumar Reddy,303.0,11.0,27.55,124.35,2.0,0.0,35.64,4.0,9.0,10.51,10.0,449,All-rounder
Noor Ahmad,13.0,5.0,2.6,77.52,0.0,0.0,2.6,23.0,23.0,8.18,25.17,450,All-rounder
O Thomas,0.0,0.0,0.0,0.0,0.0,0.0,0.0,3.0,3.0,9.42,24.33,451,Bowler
OA Shah,506.0,22.0,23.0,114.78,4.0,0.0,29.18,0.0,0.0,0.0,0.0,452,Batter
OC McCoy,8.0,1.0,8.0,160.0,0.0,0.0,10.0,11.0,8.0,9.25,34.88,453,All-rounder
OF Smith,51.0,6.0,8.5,92.97,0.0,0.0,10.0,7.0,6.0,11.19,28.5,454,All-rounder
P Amarnath,0.0,0.0,0.0,0.0,0.0,0.0,0.0,7.0,6.0,11.03,27.5,455,Bowler
P Awana,5.0,5.0,1.0,20.0,0.0,0.0,-0.2,43.0,33.0,8.2,33.0,456,All-rounder
P Chopra,8.0,1.0,8.0,133.3,0.0,0.0,10.0,0.0,0.0,0.0,0.0,457,Batter
P Dogra,127.0,12.0,10.58,77.88,0.0,0.0,11.92,0.0,0.0,0.0,0.0,458,Batter
P Dubey,23.0,2.0,11.5,66.9,0.0,0.0,12.5,1.0,4.0,8.09,5.25,459,All-rounder
P Kumar,340.0,57.0,5.96,88.63,0.0,0.0,6.7,102.0,119.0,7.76,21.88,460,All-rounder
P Negi,361.0,34.0,10.62,114.0,0.0,0.0,12.5,38.0,42.0,8.22,23.33,461,All-rounder
P Parameswaran,1.0,2.0,0.5,50.0,0.0,0.0,-0.5,9.0,8.0,8.86,28.38,462,All-rounder
P Prasanth,0.0,0.0,0.0,0.0,0.0,0.0,0.0,0.0,1.0,18.0,-2.0,463,Bowler
P Ray Barman,19.0,1.0,19.0,76.0,0.0,0.0,21.0,0.0,1.0,14.0,-2.0,464,All-rounder
P Sahu,19.0,2.0,9.5,125.0,0.0,0.0,11.0,3.0,5.0,8.98,15.4,465,All-rounder
P Simran Singh,756.0,34.0,22.24,123.94,4.0,1.0,29.24,0.0,0.0,0.0,0.0,466,Batter
P Suyal,0.0,0.0,0.0,0.0,0.0,0.0,0.0,2.0,5.0,8.67,9.2,467,Bowler
PA Patel,2840.0,135.0,21.04,97.64,13.0,0.0,26.13,0.0,0.0,0.0,0.0,468,Batter
PA Reddy,164.0,10.0,16.4,88.46,0.0,0.0,18.7,0.0,0.0,0.0,0.0,469,Batter
PBB Rajapaksa,277.0,13.0,21.31,125.34,1.0,0.0,27.31,0.0,0.0,0.0,0.0,470,Batter
PC Valthaty,505.0,23.0,21.96,90.54,3.0,1.0,28.87,7.0,10.0,9.17,17.7,471,All-rounder
PD Collingwood,203.0,7.0,29.0,107.53,3.0,0.0,39.14,5.0,6.0,7.15,21.83,472,All-rounder
PD Salt,653.0,21.0,31.1,137.91,6.0,0.0,41.57,0.0,0.0,0.0,0.0,473,Batter
PH Solanki,0.0,0.0,0.0,0.0,0.0,0.0,0.0,2.0,2.0,7.5,27.0,474,Bowler
PJ Cummins,515.0,39.0,13.21,118.05,3.0,0.0,16.87,66.0,58.0,8.69,28.31,475,All-rounder
PJ Sangwan,26.0,14.0,1.86,56.66,0.0,0.0,1.21,44.0,42.0,8.82,26.1,476,All-rounder
PK Garg,273.0,19.0,14.37,94.01,1.0,0.0,16.79,0.0,0.0,0.0,0.0,477,Batter
PM Sarvesh Kumar,1.0,1.0,1.0,50.0,0.0,0.0,1.0,1.0,2.0,8.34,12.5,478,All-rounder
PN Mankad,97.0,5.0,19.4,143.24,1.0,0.0,24.8,0.0,0.0,0.0,0.0,479,Batter
PP Chawla,624.0,86.0,7.26,102.05,0.0,0.0,8.02,198.0,191.0,8.34,26.2,480,All-rounder
PP Ojha,16.0,19.0,0.84,48.42,0.0,0.0,0.11,98.0,90.0,7.52,27.89,481,All-rounder
PP Shaw,1892.0,79.0,23.95,122.01,14.0,0.0,31.01,0.0,0.0,0.0,0.0,482,Batter
PR Shah,92.0,9.0,10.22,89.24,0.0,0.0,11.44,0.0,0.0,0.0,0.0,483,Batter
PSP Handscomb,6.0,1.0,6.0,50.0,0.0,0.0,6.0,0.0,0.0,0.0,0.0,484,Batter
PV Tambe,18.0,6.0,3.0,63.28,0.0,0.0,3.17,27.0,32.0,7.87,20.84,485,All-rounder
PVD Chameera,43.0,7.0,6.14,94.2,0.0,0.0,6.86,11.0,13.0,8.99,21.77,486,All-rounder
PWH de Silva,72.0,14.0,5.14,85.72,0.0,0.0,5.36,36.0,26.0,8.37,34.77,487,All-rounder
Pankaj Singh,7.0,5.0,1.4,60.66,0.0,0.0,1.0,11.0,17.0,9.76,15.59,488,All-rounder
Parvez Rasool,17.0,4.0,4.25,79.03,0.0,0.0,4.5,4.0,11.0,9.22,8.36,489,All-rounder
Q de Kock,3091.0,106.0,29.16,114.26,24.0,2.0,37.87,0.0,0.0,0.0,0.0,490,Batter
R Ashwin,800.0,89.0,8.99,102.6,1.0,0.0,10.3,195.0,208.0,7.17,24.29,491,All-rounder
R Bhatia,342.0,47.0,7.28,124.56,0.0,0.0,8.13,82.0,91.0,7.77,23.12,492,All-rounder
R Bishnoi,19.0,3.0,6.33,59.53,0.0,0.0,7.33,0.0,0.0,0.0,0.0,493,Batter
R Dhawan,210.0,22.0,9.55,126.08,0.0,0.0,10.91,27.0,36.0,8.17,18.58,494,All-rounder
R Dravid,2174.0,82.0,26.51,102.55,11.0,0.0,33.04,0.0,0.0,0.0,0.0,495,Batter
R Goyal,0.0,0.0,0.0,0.0,0.0,0.0,0.0,0.0,1.0,8.5,0.0,496,Bowler
R McLaren,159.0,13.0,12.23,70.19,1.0,0.0,14.38,14.0,18.0,9.11,18.78,497,All-rounder
R Ninan,3.0,1.0,3.0,50.0,0.0,0.0,3.0,3.0,2.0,10.83,35.5,498,All-rounder
R Parag,1173.0,58.0,20.22,112.08,6.0,0.0,25.4,4.0,20.0,11.67,3.8,499,All-rounder
R Powell,360.0,22.0,16.36,115.68,1.0,0.0,20.95,1.0,2.0,12.0,11.5,500,All-rounder
R Rampaul,51.0,7.0,7.29,67.74,0.0,0.0,7.43,17.0,12.0,7.12,36.25,501,All-rounder
R Ravindra,222.0,10.0,22.2,122.06,1.0,0.0,28.6,0.0,2.0,3.5,6.0,502,All-rounder
R Sai Kishore,13.0,1.0,13.0,216.7,0.0,0.0,17.0,13.0,10.0,9.14,32.7,503,All-rounder
R Sanjay Yadav,0.0,1.0,0.0,0.0,0.0,0.0,-2.0,0.0,1.0,10.5,-2.0,504,All-rounder
R Sathish,270.0,24.0,11.25,105.53,0.0,0.0,12.5,6.0,14.0,9.72,10.14,505,All-rounder
R Sharma,66.0,19.0,3.47,53.42,0.0,0.0,3.0,42.0,43.0,7.29,24.88,506,All-rounder
R Shepherd,115.0,9.0,12.78,123.51,0.0,0.0,16.0,6.0,8.0,13.12,17.5,507,All-rounder
R Shukla,19.0,4.0,4.75,66.68,0.0,0.0,5.25,7.0,7.0,10.61,23.57,508,All-rounder
R Tewatia,1013.0,65.0,15.58,124.6,1.0,0.0,19.15,35.0,52.0,8.43,16.83,509,All-rounder
R Vinay Kumar,310.0,42.0,7.38,115.71,0.0,0.0,8.07,126.0,104.0,8.38,30.52,510,All-rounder
RA Bawa,11.0,2.0,5.5,42.3,0.0,0.0,5.0,0.0,0.0,0.0,0.0,511,Batter
RA Jadeja,2959.0,180.0,16.44,126.8,3.0,0.0,19.42,167.0,210.0,8.01,20.41,512,All-rounder
RA Shaikh,0.0,0.0,0.0,0.0,0.0,0.0,0.0,0.0,1.0,11.0,-2.0,513,Bowler
RA Tripathi,2236.0,93.0,24.04,122.8,12.0,0.0,30.57,0.0,1.0,12.0,-2.0,514,All-rounder
RD Chahar,129.0,22.0,5.86,77.47,0.0,0.0,6.27,76.0,77.0,7.99,25.27,515,All-rounder
RD Gaikwad,2380.0,65.0,36.62,108.45,20.0,2.0,47.74,0.0,0.0,0.0,0.0,516,Batter
RE Levi,83.0,6.0,13.83,54.83,1.0,0.0,18.17,0.0,0.0,0.0,0.0,517,Batter
RE van der Merwe,159.0,15.0,10.6,89.24,0.0,0.0,12.93,25.0,21.0,6.98,30.71,518,All-rounder
RG More,2.0,1.0,2.0,100.0,0.0,0.0,2.0,1.0,2.0,11.22,11.5,519,All-rounder
RG Sharma,6630.0,251.0,26.41,109.51,45.0,2.0,33.97,16.0,32.0,8.7,12.94,520,All-rounder
RJ Gleeson,2.0,1.0,2.0,100.0,0.0,0.0,2.0,1.0,2.0,8.69,11.5,521,All-rounder
RJ Harris,117.0,21.0,5.57,97.61,0.0,0.0,5.95,47.0,37.0,7.44,32.89,522,All-rounder
RJ Peterson,32.0,5.0,6.4,87.64,0.0,0.0,7.0,3.0,4.0,7.81,20.25,523,All-rounder
RJ Quiney,103.0,7.0,14.71,106.99,1.0,0.0,19.0,0.0,0.0,0.0,0.0,524,Batter
RJW Topley,3.0,1.0,3.0,50.0,0.0,0.0,3.0,5.0,5.0,10.1,23.8,525,All-rounder
RK Bhui,10.0,4.0,2.5,24.17,0.0,0.0,1.5,0.0,0.0,0.0,0.0,526,Batter
RK Singh,893.0,40.0,22.32,129.82,4.0,0.0,28.2,0.0,0.0,0.0,0.0,527,Batter
RM Patidar,799.0,24.0,33.29,130.51,8.0,1.0,45.33,0.0,0.0,0.0,0.0,528,Batter
RN ten Doeschate,326.0,21.0,15.52,120.31,1.0,0.0,19.05,3.0,10.0,6.77,8.5,529,All-rounder
RP Meredith,0.0,2.0,0.0,0.0,0.0,0.0,-2.0,21.0,18.0,8.73,28.83,530,All-rounder
RP Singh,52.0,28.0,1.86,68.63,0.0,0.0,1.57,100.0,82.0,7.93,31.2,531,All-rounder
RR Bhatkal,0.0,1.0,0.0,0.0,0.0,0.0,-2.0,0.0,1.0,17.5,-2.0,532,All-rounder
RR Bose,0.0,0.0,0.0,0.0,0.0,0.0,0.0,0.0,1.0,12.0,-2.0,533,Bowler
RR Pant,3297.0,110.0,29.97,130.11,19.0,1.0,38.75,0.0,0.0,0.0,0.0,534,Batter
RR Powar,67.0,9.0,7.44,98.36,0.0,0.0,8.11,14.0,26.0,7.87,13.54,535,All-rounder
RR Raje,20.0,5.0,4.0,85.42,0.0,0.0,4.6,7.0,10.0,8.98,16.7,536,All-rounder
RR Rossouw,473.0,22.0,21.5,108.59,2.0,0.0,27.45,0.0,0.0,0.0,0.0,537,Batter
RR Sarwan,73.0,4.0,18.25,91.4,0.0,0.0,21.25,0.0,0.0,0.0,0.0,538,Batter
RS Bopara,531.0,22.0,24.14,90.49,3.0,0.0,29.36,13.0,14.0,8.23,24.36,539,All-rounder
RS Gavaskar,2.0,1.0,2.0,25.0,0.0,0.0,2.0,0.0,1.0,8.0,0.0,540,All-rounder
RS Hangargekar,0.0,0.0,0.0,0.0,0.0,0.0,0.0,3.0,2.0,9.25,38.5,541,Bowler
RS Sodhi,4.0,1.0,4.0,200.0,0.0,0.0,5.0,0.0,0.0,0.0,0.0,542,Batter
RT Ponting,91.0,9.0,10.11,47.83,0.0,0.0,10.44,0.0,0.0,0.0,0.0,543,Batter
RV Gomez,50.0,9.0,5.56,94.14,0.0,0.0,5.67,6.0,9.0,9.02,17.11,544,All-rounder
RV Patel,80.0,7.0,11.43,116.49,0.0,0.0,12.86,0.0,1.0,6.67,0.0,545,All-rounder
RV Uthappa,4954.0,197.0,25.15,112.81,27.0,0.0,31.91,0.0,0.0,0.0,0.0,546,Batter
RW Price,0.0,0.0,0.0,0.0,0.0,0.0,0.0,0.0,1.0,11.0,-2.0,547,Bowler
Rahmanullah Gurbaz,289.0,13.0,22.23,96.95,2.0,0.0,28.85,0.0,0.0,0.0,0.0,548,Batter
Ramandeep Singh,170.0,13.0,13.08,165.16,0.0,0.0,16.0,6.0,4.0,9.3,37.5,549,All-rounder
Rashid Khan,545.0,58.0,9.4,112.9,1.0,0.0,11.38,157.0,121.0,6.92,34.11,550,All-rounder
Rasikh Salam,40.0,6.0,6.67,120.83,0.0,0.0,7.5,9.0,11.0,10.24,19.73,551,All-rounder
Ravi Bishnoi,32.0,14.0,2.29,70.65,0.0,0.0,2.0,68.0,65.0,7.88,26.25,552,All-rounder
S Anirudha,136.0,12.0,11.33,95.57,1.0,0.0,13.92,0.0,0.0,0.0,0.0,553,Batter
S Aravind,59.0,10.0,5.9,92.86,0.0,0.0,6.2,48.0,38.0,8.58,32.32,554,All-rounder
S Badree,13.0,5.0,2.6,41.0,0.0,0.0,1.8,11.0,12.0,7.58,24.25,555,All-rounder
S Badrinath,1441.0,65.0,22.17,109.42,11.0,0.0,27.98,0.0,0.0,0.0,0.0,556,Batter
S Chanderpaul,25.0,3.0,8.33,71.27,0.0,0.0,9.67,0.0,0.0,0.0,0.0,557,Batter
S Dhawan,6769.0,221.0,30.63,108.65,53.0,2.0,39.16,4.0,6.0,8.58,18.0,558,All-rounder
S Dube,1502.0,61.0,24.62,119.59,9.0,0.0,31.61,6.0,14.0,10.25,11.0,559,All-rounder
S Gopal,180.0,22.0,8.18,94.87,0.0,0.0,8.86,50.0,50.0,8.46,25.12,560,All-rounder
S Joseph,0.0,0.0,0.0,0.0,0.0,0.0,0.0,0.0,1.0,10.0,-2.0,561,Bowler
S Kaul,20.0,9.0,2.22,52.59,0.0,0.0,1.67,63.0,55.0,8.7,28.64,562,All-rounder
S Kaushik,0.0,1.0,0.0,0.0,0.0,0.0,-2.0,6.0,10.0,9.46,15.0,563,All-rounder
S Ladda,0.0,2.0,0.0,0.0,0.0,0.0,-2.0,5.0,9.0,10.13,12.56,564,All-rounder
S Lamichhane,0.0,1.0,0.0,0.0,0.0,0.0,-2.0,14.0,9.0,8.56,39.11,565,All-rounder
S Midhun,0.0,0.0,0.0,0.0,0.0,0.0,0.0,0.0,1.0,14.0,-2.0,566,Bowler
S Nadeem,39.0,20.0,1.95,34.44,0.0,0.0,1.35,54.0,70.0,7.77,19.63,567,All-rounder
S Narwal,37.0,4.0,9.25,90.95,0.0,0.0,10.25,6.0,6.0,11.59,25.0,568,All-rounder
S Rana,91.0,8.0,11.38,103.55,0.0,0.0,12.75,0.0,3.0,6.29,2.0,569,All-rounder
S Randiv,2.0,1.0,2.0,50.0,0.0,0.0,2.0,8.0,8.0,7.48,24.75,570,All-rounder
S Sandeep Warrier,0.0,0.0,0.0,0.0,0.0,0.0,0.0,8.0,10.0,9.44,20.0,571,Bowler
S Sohal,368.0,20.0,18.4,92.9,2.0,0.0,23.6,0.0,0.0,0.0,0.0,572,Batter
S Sreesanth,34.0,12.0,2.83,38.82,0.0,0.0,2.33,43.0,44.0,8.02,24.75,573,All-rounder
S Sriram,31.0,2.0,15.5,72.1,0.0,0.0,17.0,0.0,2.0,18.5,-2.0,574,All-rounder
S Tyagi,3.0,1.0,3.0,75.0,0.0,0.0,3.0,6.0,14.0,8.78,10.57,575,All-rounder
S Vidyut,145.0,8.0,18.12,103.3,1.0,0.0,23.25,1.0,1.0,10.5,23.0,576,All-rounder
SA Abbott,22.0,3.0,7.33,106.87,0.0,0.0,9.0,1.0,3.0,10.83,6.33,577,All-rounder
SA Asnodkar,423.0,19.0,22.26,107.34,2.0,0.0,28.37,0.0,0.0,0.0,0.0,578,Batter
SA Yadav,3594.0,135.0,26.62,131.05,26.0,2.0,34.5,0.0,1.0,8.0,0.0,579,All-rounder
SB Bangar,49.0,7.0,7.0,85.67,0.0,0.0,8.0,6.0,9.0,9.43,16.44,580,All-rounder
SB Dubey,33.0,3.0,11.0,103.97,0.0,0.0,12.67,0.0,0.0,0.0,0.0,581,Batter
SB Jakati,28.0,5.0,5.6,80.88,0.0,0.0,6.2,49.0,57.0,8.22,21.28,582,All-rounder
SB Joshi,6.0,2.0,3.0,37.5,0.0,0.0,3.0,1.0,4.0,10.28,5.75,583,All-rounder
SB Styris,131.0,10.0,13.1,108.04,0.0,0.0,15.1,9.0,11.0,7.87,20.82,584,All-rounder
SB Wagh,2.0,2.0,1.0,50.0,0.0,0.0,0.0,5.0,8.0,8.73,16.38,585,All-rounder
SC Ganguly,1349.0,56.0,24.09,84.49,7.0,0.0,30.39,12.0,20.0,9.04,15.0,586,All-rounder
SC Kuggeleijn,0.0,0.0,0.0,0.0,0.0,0.0,0.0,2.0,2.0,8.62,25.0,587,Bowler
SD Chitnis,99.0,8.0,12.38,112.15,0.0,0.0,14.62,2.0,2.0,9.5,24.0,588,All-rounder
SD Hope,183.0,9.0,20.33,145.37,0.0,0.0,25.67,0.0,0.0,0.0,0.0,589,Batter
SD Lad,15.0,1.0,15.0,115.4,0.0,0.0,18.0,0.0,0.0,0.0,0.0,590,Batter
SE Bond,1.0,1.0,1.0,50.0,0.0,0.0,1.0,9.0,8.0,7.17,28.62,591,All-rounder
SE Marsh,2489.0,69.0,36.07,114.13,21.0,1.0,47.01,0.0,0.0,0.0,0.0,592,Batter
SE Rutherford,106.0,9.0,11.78,112.5,0.0,0.0,13.89,1.0,6.0,7.75,4.5,593,All-rounder
SH Johnson,6.0,3.0,2.0,66.67,0.0,0.0,1.67,4.0,5.0,9.85,18.8,594,All-rounder
SJ Srivastava,5.0,4.0,1.25,87.5,0.0,0.0,0.75,15.0,14.0,8.75,25.79,595,All-rounder
SK Raina,5536.0,200.0,27.68,115.12,40.0,1.0,35.39,30.0,69.0,7.63,11.33,596,All-rounder
SK Trivedi,42.0,14.0,3.0,62.09,0.0,0.0,2.93,73.0,75.0,7.65,24.87,597,All-rounder
SK Warne,198.0,27.0,7.33,77.41,0.0,0.0,8.07,59.0,54.0,7.28,28.24,598,All-rounder
SL Malinga,88.0,20.0,4.4,77.82,0.0,0.0,4.6,186.0,122.0,6.96,39.77,599,All-rounder
SM Boland,0.0,0.0,0.0,0.0,0.0,0.0,0.0,3.0,2.0,7.88,39.5,600,Bowler
SM Curran,883.0,48.0,18.4,122.57,5.0,0.0,22.77,62.0,58.0,9.42,26.52,601,All-rounder
SM Harwood,9.0,2.0,4.5,64.3,0.0,0.0,4.5,3.0,3.0,6.92,26.33,602,All-rounder
SM Katich,241.0,11.0,21.91,105.21,2.0,0.0,28.09,0.0,0.0,0.0,0.0,603,Batter
SM Pollock,147.0,8.0,18.38,104.16,0.0,0.0,22.38,13.0,13.0,7.12,27.0,604,All-rounder
SMSM Senanayake,10.0,4.0,2.5,75.95,0.0,0.0,2.0,9.0,8.0,6.5,30.12,605,All-rounder
SN Khan,540.0,35.0,15.43,113.2,1.0,0.0,18.77,0.0,1.0,20.0,-2.0,606,All-rounder
SN Thakur,307.0,35.0,8.77,105.81,1.0,0.0,10.29,100.0,92.0,9.08,27.02,607,All-rounder
SO Hetmyer,1243.0,65.0,19.12,129.03,4.0,0.0,24.2,0.0,0.0,0.0,0.0,608,Batter
SP Fleming,196.0,10.0,19.6,101.66,0.0,0.0,23.9,0.0,0.0,0.0,0.0,609,Batter
SP Goswami,293.0,21.0,13.95,78.16,1.0,0.0,16.33,0.0,0.0,0.0,0.0,610,Batter
SP Jackson,61.0,8.0,7.62,102.08,0.0,0.0,8.25,0.0,0.0,0.0,0.0,611,Batter
SP Narine,1534.0,106.0,14.47,116.1,8.0,1.0,18.85,200.0,175.0,6.81,29.87,612,All-rounder
SPD Smith,2495.0,93.0,26.83,120.02,12.0,1.0,33.3,0.0,1.0,16.67,-2.0,613,All-rounder
SR Tendulkar,2334.0,78.0,29.92,101.15,14.0,1.0,37.9,0.0,4.0,10.5,-1.0,614,All-rounder
SR Watson,3880.0,141.0,27.52,116.55,25.0,4.0,36.13,106.0,104.0,7.93,26.02,615,All-rounder
SS Agarwal,0.0,0.0,0.0,0.0,0.0,0.0,0.0,1.0,1.0,10.5,23.0,616,Bowler
SS Cottrell,0.0,1.0,0.0,0.0,0.0,0.0,-2.0,6.0,6.0,8.41,25.0,617,All-rounder
SS Iyer,3111.0,113.0,27.53,110.19,21.0,0.0,34.92,0.0,1.0,7.0,0.0,618,All-rounder
SS Prabhudessai,126.0,10.0,12.6,96.45,0.0,0.0,14.7,0.0,0.0,0.0,0.0,619,Batter
SS Sarkar,0.0,0.0,0.0,0.0,0.0,0.0,0.0,1.0,2.0,10.42,11.5,620,Bowler
SS Shaikh,6.0,1.0,6.0,85.7,0.0,0.0,7.0,0.0,0.0,0.0,0.0,621,Batter
SS Tiwary,1481.0,72.0,20.57,108.12,8.0,0.0,25.44,0.0,0.0,0.0,0.0,622,Batter
SSB Magala,0.0,0.0,0.0,0.0,0.0,0.0,0.0,1.0,2.0,8.0,11.5,623,Bowler
ST Jayasuriya,768.0,30.0,25.6,110.72,5.0,1.0,34.07,16.0,21.0,8.27,20.29,624,All-rounder
STR Binny,880.0,66.0,13.33,112.12,0.0,0.0,15.79,26.0,62.0,7.68,11.1,625,All-rounder
SV Samson,4391.0,161.0,27.27,114.47,28.0,3.0,35.02,0.0,0.0,0.0,0.0,626,Batter
SW Billings,503.0,27.0,18.63,102.64,3.0,0.0,23.0,0.0,0.0,0.0,0.0,627,Batter
SW Tait,23.0,5.0,4.6,67.22,0.0,0.0,4.8,26.0,21.0,7.41,32.0,628,All-rounder
SZ Mulani,1.0,1.0,1.0,100.0,0.0,0.0,1.0,0.0,2.0,11.58,-1.0,629,All-rounder
Sachin Baby,144.0,11.0,13.09,101.16,0.0,0.0,15.18,3.0,2.0,4.86,40.5,630,All-rounder
Salman Butt,193.0,7.0,27.57,105.11,1.0,0.0,34.71,0.0,0.0,0.0,0.0,631,Batter
Sameer Rizvi,51.0,5.0,10.2,106.42,0.0,0.0,11.4,0.0,0.0,0.0,0.0,632,Batter
Sandeep Sharma,54.0,25.0,2.16,60.38,0.0,0.0,1.68,152.0,126.0,7.76,30.98,633,All-rounder
Sanvir Singh,25.0,5.0,5.0,100.0,0.0,0.0,5.4,0.0,0.0,0.0,0.0,634,Batter
Saurav Chauhan,18.0,3.0,6.0,83.33,0.0,0.0,6.33,0.0,0.0,0.0,0.0,635,Batter
Shahbaz Ahmed,536.0,37.0,14.49,106.63,1.0,0.0,17.3,21.0,42.0,10.18,12.02,636,All-rounder
Shahid Afridi,81.0,9.0,9.0,129.62,0.0,0.0,11.33,9.0,10.0,8.47,22.3,637,All-rounder
Shakib Al Hasan,795.0,52.0,15.29,100.57,2.0,0.0,18.19,71.0,70.0,7.56,25.7,638,All-rounder
Shashank Singh,423.0,19.0,22.26,139.18,2.0,0.0,28.32,1.0,3.0,8.0,7.67,639,All-rounder
Shivam Mavi,51.0,11.0,4.64,59.85,0.0,0.0,4.82,33.0,32.0,8.94,25.84,640,All-rounder
Shivam Sharma,5.0,2.0,2.5,150.0,0.0,0.0,3.0,4.0,5.0,8.98,19.6,641,All-rounder
Shivam Singh,2.0,1.0,2.0,66.7,0.0,0.0,2.0,0.0,0.0,0.0,0.0,642,Batter
Shoaib Ahmed,1.0,3.0,0.33,16.67,0.0,0.0,-1.0,5.0,7.0,10.55,16.71,643,All-rounder
Shoaib Akhtar,2.0,1.0,2.0,25.0,0.0,0.0,2.0,5.0,3.0,7.78,44.33,644,All-rounder
Shoaib Malik,52.0,5.0,10.4,105.16,0.0,0.0,11.4,2.0,5.0,9.1,9.2,645,All-rounder
Shubman Gill,3216.0,99.0,32.48,118.36,24.0,4.0,41.94,0.0,0.0,0.0,0.0,646,Batter
Sikandar Raza,182.0,9.0,20.22,117.01,1.0,0.0,25.11,3.0,7.0,9.87,10.43,647,All-rounder
Simarjeet Singh,7.0,3.0,2.33,88.9,0.0,0.0,2.33,10.0,10.0,9.04,25.2,648,All-rounder
Sohail Tanvir,36.0,5.0,7.2,112.5,0.0,0.0,8.2,24.0,11.0,6.16,59.27,649,All-rounder
Sumit Kumar,18.0,3.0,6.0,73.33,0.0,0.0,7.33,0.0,2.0,11.29,-2.0,650,All-rounder
Sunny Gupta,0.0,1.0,0.0,0.0,0.0,0.0,-2.0,0.0,1.0,15.0,-2.0,651,All-rounder
Sunny Singh,43.0,5.0,8.6,122.36,0.0,0.0,10.2,0.0,0.0,0.0,0.0,652,Batter
Suyash Sharma,0.0,0.0,0.0,0.0,0.0,0.0,0.0,11.0,13.0,9.17,21.15,653,Bowler
Swapnil Singh,51.0,9.0,5.67,100.06,0.0,0.0,6.22,7.0,14.0,8.27,12.07,654,All-rounder
T Banton,18.0,2.0,9.0,91.05,0.0,0.0,10.5,0.0,0.0,0.0,0.0,655,Batter
T Henderson,11.0,2.0,5.5,36.65,0.0,0.0,5.5,1.0,2.0,6.5,12.5,656,All-rounder
T Kohler-Cadmore,48.0,3.0,16.0,91.37,0.0,0.0,19.0,0.0,0.0,0.0,0.0,657,Batter
T Kohli,11.0,3.0,3.67,59.6,0.0,0.0,4.33,0.0,0.0,0.0,0.0,658,Batter
T Natarajan,3.0,2.0,1.5,37.5,0.0,0.0,0.5,76.0,61.0,8.72,31.38,659,All-rounder
T Shamsi,2.0,1.0,2.0,50.0,0.0,0.0,2.0,3.0,5.0,9.25,13.8,660,All-rounder
T Stubbs,405.0,17.0,23.82,135.02,3.0,0.0,31.0,3.0,3.0,7.0,26.33,661,All-rounder
T Taibu,31.0,3.0,10.33,127.6,0.0,0.0,11.33,0.0,0.0,0.0,0.0,662,Batter
T Thushara,12.0,4.0,3.0,55.0,0.0,0.0,3.0,10.0,6.0,6.45,43.33,663,All-rounder
TA Boult,83.0,22.0,3.77,78.2,0.0,0.0,3.64,128.0,103.0,8.13,31.4,664,All-rounder
TD Paine,10.0,2.0,5.0,31.1,0.0,0.0,5.0,0.0,0.0,0.0,0.0,665,Batter
TG Southee,120.0,19.0,6.32,89.25,0.0,0.0,7.05,54.0,53.0,8.63,25.66,666,All-rounder
TH David,659.0,35.0,18.83,135.92,0.0,0.0,23.51,0.0,0.0,0.0,0.0,667,Batter
TK Curran,127.0,10.0,12.7,112.64,1.0,0.0,15.3,13.0,13.0,11.85,23.77,668,All-rounder
TL Seifert,26.0,3.0,8.67,77.07,0.0,0.0,10.0,0.0,0.0,0.0,0.0,669,Batter
TL Suman,676.0,39.0,17.33,99.77,2.0,0.0,20.95,7.0,11.0,9.26,15.73,670,All-rounder
TM Dilshan,1153.0,50.0,23.06,92.72,9.0,0.0,29.38,5.0,25.0,8.72,5.48,671,All-rounder
TM Head,772.0,25.0,30.88,124.57,6.0,1.0,41.28,3.0,6.0,11.96,10.83,672,All-rounder
TM Srivastava,8.0,3.0,2.67,59.27,0.0,0.0,2.0,0.0,0.0,0.0,0.0,673,Batter
TP Sudhindra,0.0,0.0,0.0,0.0,0.0,0.0,0.0,1.0,3.0,11.01,6.33,674,Bowler
TR Birt,75.0,5.0,15.0,119.28,0.0,0.0,17.6,0.0,0.0,0.0,0.0,675,Batter
TS Mills,8.0,5.0,1.6,48.0,0.0,0.0,0.8,11.0,10.0,9.96,27.1,676,All-rounder
TU Deshpande,21.0,4.0,5.25,63.88,0.0,0.0,5.25,46.0,35.0,9.63,32.34,677,All-rounder
Tanush Kotian,24.0,1.0,24.0,75.0,0.0,0.0,27.0,0.0,0.0,0.0,0.0,678,Batter
Tejas Baroka,0.0,0.0,0.0,0.0,0.0,0.0,0.0,0.0,1.0,9.43,-2.0,679,Bowler
Tilak Varma,1156.0,38.0,30.42,133.66,6.0,0.0,39.16,0.0,4.0,7.61,-0.5,680,All-rounder
U Kaul,0.0,1.0,0.0,0.0,0.0,0.0,-2.0,0.0,0.0,0.0,0.0,681,Batter
UA Birla,7.0,1.0,7.0,46.7,0.0,0.0,8.0,0.0,0.0,0.0,0.0,682,Batter
UBT Chand,300.0,20.0,15.0,74.97,1.0,0.0,18.1,0.0,0.0,0.0,0.0,683,Batter
UT Khawaja,127.0,6.0,21.17,142.4,0.0,0.0,25.83,0.0,0.0,0.0,0.0,684,Batter
UT Yadav,208.0,48.0,4.33,87.8,0.0,0.0,4.62,163.0,146.0,8.53,28.13,685,All-rounder
Umar Gul,39.0,4.0,9.75,198.3,0.0,0.0,12.5,14.0,6.0,7.76,59.0,686,All-rounder
Umran Malik,23.0,5.0,4.6,79.5,0.0,0.0,4.8,31.0,26.0,9.74,30.35,687,All-rounder
V Kaverappa,0.0,0.0,0.0,0.0,0.0,0.0,0.0,2.0,1.0,9.0,50.0,688,Bowler
V Kohli,7987.0,241.0,33.14,114.46,64.0,8.0,42.8,5.0,26.0,8.59,4.42,689,All-rounder
V Pratap Singh,0.0,1.0,0.0,0.0,0.0,0.0,-2.0,12.0,9.0,8.78,33.11,690,All-rounder
V Sehwag,2728.0,104.0,26.23,128.69,18.0,2.0,34.38,6.0,15.0,10.56,10.67,691,All-rounder
V Shankar,1115.0,58.0,19.22,117.37,6.0,0.0,23.6,11.0,22.0,8.89,12.23,692,All-rounder
V Viyaskanth,7.0,1.0,7.0,140.0,0.0,0.0,7.0,1.0,3.0,9.33,7.0,693,All-rounder
VG Arora,9.0,7.0,1.29,75.51,0.0,0.0,1.0,20.0,20.0,8.91,24.3,694,All-rounder
VH Zol,29.0,2.0,14.5,111.3,0.0,0.0,17.0,0.0,0.0,0.0,0.0,695,Batter
VR Aaron,50.0,12.0,4.17,64.58,0.0,0.0,4.0,45.0,49.0,8.93,22.59,696,All-rounder
VR Iyer,1326.0,49.0,27.06,121.68,12.0,1.0,35.78,3.0,9.0,11.51,7.22,697,All-rounder
VRV Singh,4.0,2.0,2.0,100.0,0.0,0.0,1.5,16.0,18.0,9.14,22.56,698,All-rounder
VS Malik,7.0,2.0,3.5,85.0,0.0,0.0,4.0,6.0,13.0,8.15,11.08,699,All-rounder
VS Yeligati,2.0,1.0,2.0,100.0,0.0,0.0,2.0,0.0,2.0,11.0,-2.0,700,All-rounder
VVS Laxman,282.0,20.0,14.1,78.18,1.0,0.0,17.05,0.0,0.0,0.0,0.0,701,Batter
VY Mahesh,15.0,5.0,3.0,50.58,0.0,0.0,2.6,22.0,17.0,8.89,32.82,702,All-rounder
Vijaykumar Vyshak,14.0,4.0,3.5,48.6,0.0,0.0,3.0,17.0,11.0,9.86,37.91,703,All-rounder
Virat Singh,15.0,2.0,7.5,60.15,0.0,0.0,8.0,0.0,0.0,0.0,0.0,704,Batter
Vishnu Vinod,56.0,6.0,9.33,89.02,0.0,0.0,11.5,0.0,0.0,0.0,0.0,705,Batter
Vivrant Sharma,69.0,1.0,69.0,140.8,1.0,0.0,94.0,0.0,2.0,9.75,-1.0,706,All-rounder
W Jaffer,130.0,8.0,16.25,82.64,1.0,0.0,20.5,0.0,0.0,0.0,0.0,707,Batter
WA Mota,56.0,8.0,7.0,71.4,0.0,0.0,7.25,4.0,7.0,8.71,15.14,708,All-rounder
WD Parnell,65.0,13.0,5.0,73.18,0.0,0.0,5.46,39.0,33.0,7.59,30.39,709,All-rounder
WG Jacks,230.0,8.0,28.75,140.8,2.0,1.0,40.75,2.0,5.0,10.9,8.4,710,All-rounder
WP Saha,2934.0,143.0,20.52,112.57,14.0,1.0,25.52,0.0,0.0,0.0,0.0,711,Batter
WPUJC Vaas,81.0,11.0,7.36,92.86,0.0,0.0,7.55,22.0,13.0,7.56,43.54,712,All-rounder
Washington Sundar,378.0,38.0,9.95,101.42,0.0,0.0,11.37,39.0,58.0,7.94,17.26,713,All-rounder
X Thalaivan Sargunam,10.0,1.0,10.0,58.8,0.0,0.0,10.0,0.0,0.0,0.0,0.0,714,Batter
Y Gnaneswara Rao,19.0,1.0,19.0,105.6,0.0,0.0,22.0,0.0,1.0,7.0,0.0,715,All-rounder
Y Nagar,285.0,20.0,14.25,97.42,0.0,0.0,16.05,4.0,8.0,10.85,11.75,716,All-rounder
Y Prithvi Raj,0.0,1.0,0.0,0.0,0.0,0.0,-2.0,1.0,2.0,11.25,11.5,717,All-rounder
Y Venugopal Rao,985.0,51.0,19.31,107.31,3.0,0.0,23.53,7.0,20.0,9.95,8.25,718,All-rounder
YA Abdulla,0.0,1.0,0.0,0.0,0.0,0.0,-2.0,15.0,11.0,9.36,35.18,719,All-rounder
YBK Jaiswal,1607.0,52.0,30.9,125.83,11.0,2.0,41.12,0.0,1.0,30.0,-2.0,720,All-rounder
YK Pathan,3222.0,153.0,21.06,120.75,15.0,1.0,26.63,45.0,82.0,7.76,14.38,721,All-rounder
YS Chahal,37.0,17.0,2.18,44.87,0.0,0.0,1.82,205.0,157.0,7.88,33.28,722,All-rounder
YV Dhull,16.0,3.0,5.33,53.9,0.0,0.0,5.67,0.0,0.0,0.0,0.0,723,Batter
YV Takawale,192.0,10.0,19.2,100.03,0.0,0.0,22.8,0.0,0.0,0.0,0.0,724,Batter
Yash Dayal,0.0,1.0,0.0,0.0,0.0,0.0,-2.0,29.0,28.0,9.42,24.96,725,All-rounder
Yash Thakur,0.0,0.0,0.0,0.0,0.0,0.0,0.0,27.0,19.0,10.05,35.63,726,Bowler
Yashpal Singh,47.0,4.0,11.75,75.75,0.0,0.0,13.0,0.0,0.0,0.0,0.0,727,Batter
Younis Khan,3.0,1.0,3.0,42.9,0.0,0.0,3.0,0.0,0.0,0.0,0.0,728,Batter
Yudhvir Singh,22.0,4.0,5.5,100.0,0.0,0.0,6.25,4.0,5.0,10.4,18.8,729,All-rounder
Yuvraj Singh,2743.0,125.0,21.94,110.44,13.0,0.0,27.98,39.0,72.0,8.36,13.82,730,All-rounder
Z Khan,117.0,27.0,4.33,78.47,0.0,0.0,4.44,119.0,98.0,7.58,31.01,731,All-rounder
